category,trait,aetobatidae,alopias pelagicus,alopias superciliosus,alopias vulpinus,amblyraja,anacanthobatidae,apristurus,arhynchobatidae,asymbolus,atelomycterus,aulohalaelurus,bathyraja,bathytoshia,beringraja,brachaeluridae,breviraja,brevitrygon,bythaelurus,carcharhinidae,carcharhinus leucas,carcharodon carcharias,centrophoridae,cephaloscyllium,cephalurus cephalus,cetorhinus maximus,ctenacis,dactylobatus,dalatiidae,dasyatis,dentiraja,dipturus,echinorhinus brucus,echinorhinus cookei,eridacnis,etmopteridae,figaro,fontitrygon,galeocerdo cuvier,galeorhinus galeus,galeus,ginglymostoma cirratum,glaucostegidae,glyphis,gurgesiellidae,gymnuridae,halaelurus,haploblepharus,hemigaleidae,hemiscylliidae,hemitrygon,heterodontidae,hexanchiformes,hexatrygon bickelli,himantura,holohalaelurus,hongeo,hypanus,hypnos monopterygius,isurus oxyrinchus,isurus paucus,lamna ditropis,lamna nasus,leptocharias smithii,leucoraja,maculabatis,malacoraja,manta,megachasma pelagios,megatrygon microps,mitsukurina owstoni,mobula,mobula alfredi,mobula birostris,myliobatidae,narcinidae,narkidae,nebrius ferrugineus,neoraja,neotrygon,notoraja,odontaspididae,okamejei,orbiraja,orectolobidae,oxynotidae,parascylliidae,parmaturus,pastinachus,pateobatis,pentanchus,platyrhinidae,plesiobatis daviesi,poroderma,prionace glauca,pristidae,pristiophoridae,proscyllium,pseudocarcharias kamoharai,pseudotriakidae,pteroplatytrygon violacea,raja,rajella,rhincodon typus,rhinidae,rhinobatidae,rhinopteridae,rostroraja,schroederichthys,scyliorhinus,somniosidae,somniosus microcephalus,sphyrnidae,spiniraja,squalidae,squatinidae,stegostoma fasciatum,taeniura,taeniurops,telatrygon,torpedinidae,triakidae,triakis semifasciata,trygonorrhinidae,urogymnus,urolophidae,urotrygonidae,zanobatidae,zearaja,zearaja maugeana
biophysical traits,adult body mass/body size,50mm-999mm;>1000mm,>1000mm,>1000mm,>1000mm,50mm-999mm;>1000mm,50mm-999mm,50mm-999mm,50mm-999mm;>1000mm,50mm-999mm,50mm-999mm,50mm-999mm,50mm-999mm;>1000mm,>1000mm,50mm-999mm;>1000mm,50mm-999mm;>1000mm,50mm-999mm;>1000mm,50mm-999mm,50mm-999mm,50mm-999mm;>1000mm,>1000mm,>1000mm,50mm-999mm;>1000mm,50mm-999mm;>1000mm,50mm-999mm,>1000mm,50mm-999mm,50mm-999mm;>1000mm,50mm-999mm,50mm-999mm;>1000mm,50mm-999mm;>1000mm,50mm-999mm;>1000mm,>1000mm,>1000mm,50mm-999mm,50mm-999mm;>1000mm,50mm-999mm,50mm-999mm;>1000mm,>1000mm,>1000mm,50mm-999mm,>1000mm,50mm-999mm;>1000mm,>1000mm,50mm-999mm,50mm-999mm;>1000mm,50mm-999mm,50mm-999mm,50mm-999mm;>1000mm,50mm-999mm,50mm-999mm,50mm-999mm,>1000mm,>1000mm,50mm-999mm;>1000mm,50mm-999mm,50mm-999mm;>1000mm,50mm-999mm;>1000mm,50mm-999mm,>1000mm,>1000mm,>1000mm,>1000mm,50mm-999mm,50mm-999mm,50mm-999mm;>1000mm,50mm-999mm;>1000mm,>1000mm,>1000mm,>1000mm,>1000mm,>1000mm,>1000mm,>1000mm,50mm-999mm;>1000mm,50mm-999mm,50mm-999mm,>1000mm,50mm-999mm;>1000mm,50mm-999mm,50mm-999mm;>1000mm,>1000mm,50mm-999mm;>1000mm,50mm-999mm;>1000mm,50mm-999mm;>1000mm,50mm-999mm;>1000mm,50mm-999mm,50mm-999mm,50mm-999mm;>1000mm,50mm-999mm;>1000mm,50mm-999mm,50mm-999mm,>1000mm,50mm-999mm,>1000mm,>1000mm,50mm-999mm,50mm-999mm,50mm-999mm;>1000mm,50mm-999mm;>1000mm,50mm-999mm,50mm-999mm;>1000mm,50mm-999mm,>1000mm,50mm-999mm;>1000mm,50mm-999mm;>1000mm,50mm-999mm;>1000mm,50mm-999mm;>1000mm,50mm-999mm;>1000mm,50mm-999mm;>1000mm,50mm-999mm;>1000mm,>1000mm,50mm-999mm;>1000mm,50mm-999mm;>1000mm,50mm-999mm;>1000mm,>1000mm,>1000mm,50mm-999mm,50mm-999mm;>1000mm,50mm-999mm,50mm-999mm;>1000mm,50mm-999mm;>1000mm,>1000mm,50mm-999mm;>1000mm,50mm-999mm;>1000mm,50mm-999mm,50mm-999mm,50mm-999mm,50mm-999mm;>1000mm,50mm-999mm
biophysical traits,calcium carbonate structure location,none,none,none,none,none,none,none,none,none,none,none,none,none,none,none,none,none,none,none,none,none,none,none,none,none,none,none,none,none,none,none,none,none,none,none,none,none,none,none,none,none,none,none,none,none,none,none,none,none,none,none,none,none,none,none,none,none,none,none,none,none,none,none,none,none,none,none,none,none,none,none,none,none,none,none,none,none,none,none,none,none,none,none,none,none,none,none,none,none,none,none,none,none,none,none,none,none,none,none,none,none,none,none,none,none,none,none,none,none,none,none,none,none,none,none,none,none,none,none,none,none,none,none,none,none,none,none,none,none
biophysical traits,calcium carbonate structure stages,none,none,none,none,none,none,none,none,none,none,none,none,none,none,none,none,none,none,none,none,none,none,none,none,none,none,none,none,none,none,none,none,none,none,none,none,none,none,none,none,none,none,none,none,none,none,none,none,none,none,none,none,none,none,none,none,none,none,none,none,none,none,none,none,none,none,none,none,none,none,none,none,none,none,none,none,none,none,none,none,none,none,none,none,none,none,none,none,none,none,none,none,none,none,none,none,none,none,none,none,none,none,none,none,none,none,none,none,none,none,none,none,none,none,none,none,none,none,none,none,none,none,none,none,none,none,none,none,none
biophysical traits,communication requirement (sound),no,no,no,no,no,no,no,no,no,no,no,no,no,no,no,no,no,no,no,no,no,no,no,no,no,no,no,no,no,no,no,no,no,no,no,no,no,no,no,no,no,no,no,no,no,no,no,no,no,no,no,no,no,no,no,no,no,no,no,no,no,no,no,no,no,no,no,no,no,no,no,no,no,no,no,no,no,no,no,no,no,no,no,no,no,no,no,no,no,no,no,no,no,no,no,no,no,no,no,no,no,no,no,no,no,no,no,no,no,no,no,no,no,no,no,no,no,no,no,no,no,no,no,no,no,no,no,no,no
biophysical traits,extreme pressure wave sensitive structures,unknown,medium,medium,medium,unknown,unknown,unknown,unknown,unknown,unknown,unknown,unknown,unknown,unknown,medium,unknown,unknown,unknown,medium,medium,medium,medium,unknown,unknown,medium,low,unknown,medium,unknown,unknown,unknown,medium,medium,low,medium,unknown,unknown,low,low,unknown,low,unknown,medium,unknown,unknown,unknown,unknown,medium,low,unknown,low,medium,unknown,unknown,unknown,unknown,unknown,unknown,medium,medium,medium,medium,low,unknown,unknown,unknown,unknown,medium,unknown,medium,unknown,unknown,unknown,unknown,unknown,unknown,low,unknown,unknown,unknown,medium,unknown,unknown,low,medium,low,unknown,unknown,unknown,unknown,unknown,unknown,unknown,medium,unknown,medium,low,medium,low,unknown,unknown,unknown,medium,unknown,unknown,unknown,unknown,unknown,unknown,medium,medium,high,unknown,medium,medium,low,unknown,unknown,unknown,unknown,low,medium,unknown,unknown,unknown,unknown,unknown,unknown,unknown
biophysical traits,flight,no,no,no,no,no,no,no,no,no,no,no,no,no,no,no,no,no,no,no,no,no,no,no,no,no,no,no,no,no,no,no,no,no,no,no,no,no,no,no,no,no,no,no,no,no,no,no,no,no,no,no,no,no,no,no,no,no,no,no,no,no,no,no,no,no,no,no,no,no,no,no,no,no,no,no,no,no,no,no,no,no,no,no,no,no,no,no,no,no,no,no,no,no,no,no,no,no,no,no,no,no,no,no,no,no,no,no,no,no,no,no,no,no,no,no,no,no,no,no,no,no,no,no,no,no,no,no,no,no
biophysical traits,"navigation requirements (sound or light, or magnetic)",unknown,unknown,unknown,unknown,unknown,unknown,unknown,unknown,unknown,unknown,unknown,unknown,unknown,unknown,unknown,unknown,unknown,unknown,unknown,unknown,unknown,unknown,unknown,unknown,unknown,unknown,unknown,unknown,unknown,unknown,unknown,unknown,unknown,unknown,unknown,unknown,unknown,unknown,unknown,unknown,unknown,unknown,unknown,unknown,unknown,unknown,unknown,unknown,unknown,unknown,unknown,unknown,unknown,unknown,unknown,unknown,unknown,unknown,unknown,unknown,unknown,unknown,unknown,unknown,unknown,unknown,unknown,unknown,unknown,unknown,unknown,unknown,unknown,unknown,unknown,unknown,unknown,unknown,unknown,unknown,unknown,unknown,unknown,unknown,unknown,unknown,unknown,unknown,unknown,unknown,unknown,unknown,unknown,unknown,unknown,unknown,unknown,unknown,unknown,unknown,unknown,unknown,unknown,unknown,unknown,unknown,unknown,unknown,unknown,unknown,unknown,unknown,unknown,unknown,unknown,unknown,unknown,unknown,unknown,unknown,unknown,unknown,unknown,unknown,unknown,unknown,unknown,unknown,unknown
biophysical traits,respiration structures,gills,gills,gills,gills,gills,gills,gills,gills,gills,gills,gills,gills,gills,gills,gills,gills,gills,gills,gills,gills,gills,gills,gills,gills,gills,gills,gills,gills,gills,gills,gills,gills,gills,gills,gills,gills,gills,gills,gills,gills,gills,gills,gills,gills,gills,gills,gills,gills,gills,gills,gills,gills,gills,gills,gills,gills,gills,gills,gills,gills,gills,gills,gills,gills,gills,gills,gills,gills,gills,gills,gills,gills,gills,gills,gills,gills,gills,gills,gills,gills,gills,gills,gills,gills,gills,gills,gills,gills,gills,gills,gills,gills,gills,gills,gills,gills,gills,gills,gills,gills,gills,gills,gills,gills,gills,gills,gills,gills,gills,gills,gills,gills,gills,gills,gills,gills,gills,gills,gills,gills,gills,gills,gills,gills,gills,gills,gills,gills,gills
breeding/nesting range/number of spawning aggregations (fish),"if one/few, size",NA,NA,NA,NA,NA,NA,NA,NA,NA,NA,NA,NA,NA,NA,NA,NA,NA,NA,NA,few,large,NA,NA,NA,small,NA,NA,NA,NA,NA,NA,NA,NA,NA,NA,NA,NA,NA,NA,NA,NA,NA,few,NA,NA,NA,NA,NA,NA,NA,NA,NA,NA,NA,NA,NA,NA,NA,NA,NA,NA,NA,NA,NA,NA,NA,NA,NA,NA,NA,NA,NA,NA,NA,NA,NA,NA,NA,NA,NA,NA,NA,NA,NA,NA,NA,NA,NA,NA,NA,NA,NA,NA,NA,unknown,NA,NA,NA,NA,NA,NA,NA,small,NA,NA,NA,NA,NA,NA,NA,NA,medium,NA,unknown,NA,NA,NA,NA,NA,NA,NA,NA,NA,NA,NA,NA,NA,NA,NA
breeding/nesting range/number of spawning aggregations (fish),number of sites,NA,NA,NA,NA,NA,NA,NA,NA,NA,NA,NA,NA,NA,NA,NA,NA,NA,NA,NA,many,few,NA,NA,NA,few,NA,NA,does not aggregate,NA,NA,NA,NA,NA,NA,NA,NA,NA,NA,NA,NA,NA,NA,few,NA,NA,NA,NA,NA,NA,NA,few,many,NA,NA,NA,NA,NA,NA,NA,NA,NA,few,NA,NA,NA,NA,NA,NA,NA,NA,NA,NA,NA,NA,NA,NA,NA,NA,does not aggregate,NA,NA,NA,NA,NA,NA,NA,NA,NA,NA,NA,NA,NA,NA,NA,few,NA,NA,NA,NA,NA,NA,NA,few,NA,NA,one;few;many,NA,NA,NA,NA,NA,few,NA,few,NA,NA,does not aggregate,NA,NA,NA,NA,NA,NA,NA,NA,NA,NA,NA,NA
breeding/nesting range/number of spawning aggregations (fish),sub-population dependence on particular sites,NA,NA,NA,NA,NA,NA,NA,NA,NA,NA,NA,NA,NA,NA,NA,NA,NA,NA,NA,yes,NA,NA,NA,NA,NA,NA,NA,NA,NA,NA,NA,NA,NA,NA,NA,NA,NA,NA,NA,NA,NA,NA,yes,NA,NA,NA,NA,NA,NA,NA,NA,NA,NA,NA,NA,NA,NA,NA,NA,NA,NA,NA,NA,NA,NA,NA,NA,NA,NA,NA,NA,NA,NA,NA,NA,NA,NA,NA,NA,NA,NA,NA,NA,NA,NA,NA,NA,NA,NA,NA,NA,NA,NA,NA,NA,NA,NA,NA,NA,NA,NA,NA,NA,NA,NA,NA,NA,NA,NA,NA,NA,NA,NA,NA,NA,NA,NA,NA,NA,NA,NA,NA,NA,NA,NA,NA,NA,NA,NA
foraging range,"if one/few, size",NA,NA,NA,NA,NA,NA,NA,NA,NA,NA,NA,NA,NA,NA,NA,NA,NA,NA,NA,large for adults;small for juveniles,NA,NA,NA,NA,NA,NA,NA,NA,NA,NA,NA,NA,NA,NA,NA,NA,NA,NA,NA,NA,NA,NA,large for adults;small for juveniles,NA,NA,NA,NA,NA,NA,NA,NA,NA,NA,NA,NA,NA,NA,NA,NA,NA,NA,NA,NA,NA,NA,NA,NA,NA,NA,NA,NA,NA,NA,NA,NA,NA,NA,NA,NA,NA,NA,NA,NA,NA,NA,NA,NA,NA,NA,NA,NA,NA,NA,NA,NA,NA,NA,NA,NA,NA,NA,NA,NA,NA,NA,NA,NA,NA,NA,NA,NA,NA,NA,NA,NA,NA,NA,NA,NA,NA,NA,NA,NA,NA,NA,NA,NA,NA,NA
foraging range,"number of sites, incl. terrestrial wetlands",does not aggregate,does not aggregate,does not aggregate,does not aggregate,does not aggregate,does not aggregate,does not aggregate,does not aggregate,does not aggregate,does not aggregate,does not aggregate,does not aggregate,does not aggregate,does not aggregate,does not aggregate,does not aggregate,does not aggregate,does not aggregate,does not aggregate,many,does not aggregate,does not aggregate,does not aggregate,does not aggregate,does not aggregate,does not aggregate,does not aggregate,does not aggregate,does not aggregate,does not aggregate,does not aggregate,does not aggregate,does not aggregate,does not aggregate,does not aggregate,does not aggregate,does not aggregate,does not aggregate,does not aggregate,does not aggregate,does not aggregate,does not aggregate,many,does not aggregate,does not aggregate,does not aggregate,does not aggregate,does not aggregate,does not aggregate,does not aggregate,does not aggregate,does not aggregate,does not aggregate,does not aggregate,does not aggregate,does not aggregate,does not aggregate,does not aggregate,does not aggregate,does not aggregate,does not aggregate,does not aggregate,does not aggregate,does not aggregate,does not aggregate,does not aggregate,does not aggregate,does not aggregate,does not aggregate,does not aggregate,does not aggregate,does not aggregate,does not aggregate,does not aggregate,does not aggregate,does not aggregate,does not aggregate,does not aggregate,does not aggregate,does not aggregate,does not aggregate,does not aggregate,does not aggregate,does not aggregate,does not aggregate,does not aggregate,does not aggregate,does not aggregate,does not aggregate,does not aggregate,does not aggregate,does not aggregate,does not aggregate,does not aggregate,does not aggregate,does not aggregate,does not aggregate,does not aggregate,does not aggregate,does not aggregate,does not aggregate,does not aggregate,does not aggregate,does not aggregate,does not aggregate,does not aggregate,does not aggregate,does not aggregate,does not aggregate,does not aggregate,does not aggregate,does not aggregate,does not aggregate,does not aggregate,does not aggregate,does not aggregate,does not aggregate,does not aggregate,does not aggregate,does not aggregate,does not aggregate,does not aggregate,does not aggregate,does not aggregate,does not aggregate,does not aggregate,does not aggregate,does not aggregate,does not aggregate
foraging range,sub-population dependence on particular sites,NA,NA,NA,NA,NA,NA,NA,NA,NA,NA,NA,NA,NA,NA,NA,NA,NA,NA,NA,yes,NA,NA,NA,NA,NA,NA,NA,NA,NA,NA,NA,NA,NA,NA,NA,NA,NA,NA,NA,NA,NA,NA,yes,NA,NA,NA,NA,NA,NA,NA,NA,NA,NA,NA,NA,NA,NA,NA,NA,NA,NA,NA,NA,NA,NA,NA,NA,NA,NA,NA,NA,NA,NA,NA,NA,NA,NA,NA,NA,NA,NA,NA,NA,NA,NA,NA,NA,NA,NA,NA,NA,NA,NA,NA,NA,NA,NA,NA,NA,NA,NA,NA,NA,NA,NA,NA,NA,NA,NA,NA,NA,NA,NA,NA,NA,NA,NA,NA,NA,NA,NA,NA,NA,NA,NA,NA,NA,NA,NA
movement,adult mobility,mobile resident,nomadic,nomadic,nomadic,mobile resident,mobile resident,mobile resident,mobile resident,mobile resident,mobile resident,mobile resident,mobile resident,mobile resident,mobile resident,mobile resident,mobile resident,mobile resident,mobile resident,mobile resident;horizontal migrator,horizontal migrator,mobile resident;horizontal migrator,mobile resident,mobile resident,mobile resident,mobile resident;vertical migrator,mobile resident,mobile resident,mobile resident;vertical migrator,mobile resident,mobile resident,mobile resident,mobile resident,mobile resident,mobile resident,mobile resident;vertical migrator,mobile resident,mobile resident,mobile resident;horizontal migrator,mobile resident,mobile resident,mobile resident,mobile resident,horizontal migrator,mobile resident,mobile resident,mobile resident,mobile resident,mobile resident,mobile resident,mobile resident,mobile resident,mobile resident,mobile resident,mobile resident,mobile resident,mobile resident,mobile resident,mobile resident,nomadic;horizontal migrator,mobile resident;horizontal migrator,mobile resident,mobile resident;horizontal migrator,mobile resident,mobile resident,mobile resident,mobile resident,mobile resident,mobile resident;vertical migrator;horizontal migrator,mobile resident,mobile resident;vertical migrator,mobile resident,mobile resident,mobile resident,mobile resident,mobile resident;vertical migrator,mobile resident,mobile resident,mobile resident,mobile resident,mobile resident,mobile resident;vertical migrator,mobile resident,mobile resident,mobile resident,mobile resident,mobile resident,mobile resident,mobile resident,mobile resident,mobile resident,mobile resident,mobile resident,mobile resident,mobile resident;horizontal migrator,mobile resident;horizontal migrator,mobile resident,mobile resident,mobile resident;vertical migrator,mobile resident,mobile resident,mobile resident,mobile resident,horizontal migrator,mobile resident,mobile resident,mobile resident;horizontal migrator,mobile resident,mobile resident,mobile resident,mobile resident,mobile resident,mobile resident;horizontal migrator,mobile resident,mobile resident,mobile resident,mobile resident,mobile resident,mobile resident,mobile resident,mobile resident,mobile resident,mobile resident,mobile resident,mobile resident,mobile resident,mobile resident,mobile resident,mobile resident,mobile resident
movement,planktonic larval duration (pld) exposure,not larvae,not larvae,not larvae,not larvae,not larvae,not larvae,not larvae,not larvae,not larvae,not larvae,not larvae,not larvae,not larvae,not larvae,not larvae,not larvae,not larvae,not larvae,not larvae,not larvae,not larvae,not larvae,not larvae,not larvae,not larvae,not larvae,not larvae,not larvae,not larvae,not larvae,not larvae,not larvae,not larvae,not larvae,not larvae,not larvae,not larvae,not larvae,not larvae,not larvae,not larvae,not larvae,not larvae,not larvae,not larvae,not larvae,not larvae,not larvae,not larvae,not larvae,not larvae,not larvae,not larvae,not larvae,not larvae,not larvae,not larvae,not larvae,not larvae,not larvae,not larvae,not larvae,not larvae,not larvae,not larvae,not larvae,not larvae,not larvae,not larvae,not larvae,not larvae,not larvae,not larvae,not larvae,not larvae,not larvae,not larvae,not larvae,not larvae,not larvae,not larvae,not larvae,not larvae,not larvae,not larvae,not larvae,not larvae,not larvae,not larvae,not larvae,not larvae,not larvae,not larvae,not larvae,not larvae,not larvae,not larvae,not larvae,not larvae,not larvae,not larvae,not larvae,not larvae,not larvae,not larvae,not larvae,not larvae,not larvae,not larvae,not larvae,not larvae,not larvae,not larvae,not larvae,not larvae,not larvae,not larvae,not larvae,not larvae,not larvae,not larvae,not larvae,not larvae,not larvae,not larvae,not larvae,not larvae,not larvae,not larvae
physiological tolerance breadths,dissolved oxygen,high tolerance,high tolerance,high tolerance,high tolerance,high tolerance,high tolerance,high tolerance,high tolerance,high tolerance,high tolerance,high tolerance,high tolerance,high tolerance,high tolerance,high tolerance,high tolerance,high tolerance,high tolerance,high tolerance,medium tolerance,high tolerance,high tolerance,high tolerance,high tolerance,high tolerance,high tolerance,high tolerance,high tolerance,high tolerance,high tolerance,high tolerance,high tolerance,high tolerance,high tolerance,high tolerance,high tolerance,high tolerance,high tolerance,high tolerance,high tolerance,high tolerance,high tolerance,medium tolerance,high tolerance,high tolerance,high tolerance,high tolerance,high tolerance,high tolerance,high tolerance,high tolerance,high tolerance,high tolerance,high tolerance,high tolerance,high tolerance,high tolerance,high tolerance,high tolerance,high tolerance,high tolerance,high tolerance,high tolerance,high tolerance,high tolerance,high tolerance,high tolerance,high tolerance,high tolerance,high tolerance,high tolerance,high tolerance,high tolerance,high tolerance,high tolerance,high tolerance,high tolerance,high tolerance,high tolerance,high tolerance,high tolerance,high tolerance,high tolerance,high tolerance,high tolerance,high tolerance,high tolerance,high tolerance,high tolerance,high tolerance,high tolerance,high tolerance,high tolerance,high tolerance,unknown,high tolerance,high tolerance,high tolerance,high tolerance,high tolerance,high tolerance,high tolerance,high tolerance,high tolerance,high tolerance,high tolerance,high tolerance,high tolerance,high tolerance,high tolerance,high tolerance,medium tolerance,high tolerance,high tolerance,high tolerance,high tolerance,high tolerance,high tolerance,high tolerance,high tolerance,high tolerance,high tolerance,high tolerance,high tolerance,high tolerance,high tolerance,high tolerance,high tolerance,medium tolerance
physiological tolerance breadths,ph,<7.4,<7.4,<7.4,<7.4,<7.4,<7.4,<7.4,<7.4,<7.4,<7.4,<7.4,<7.4,<7.4,<7.4,<7.4,<7.4,<7.4,<7.4,<7.4,<7.4,<7.4,<7.4,<7.4,<7.4,<7.4,<7.4,<7.4,<7.4,<7.4,<7.4,<7.4,<7.4,<7.4,<7.4,<7.4,<7.4,<7.4,<7.4,<7.4,<7.4,<7.4,<7.4,<7.4,<7.4,<7.4,<7.4,<7.4,<7.4,<7.4,<7.4,<7.4,<7.4,<7.4,<7.4,<7.4,<7.4,<7.4,<7.4,<7.4,<7.4,<7.4,<7.4,<7.4,<7.4,<7.4,<7.4,<7.4,<7.4,<7.4,<7.4,<7.4,<7.4,<7.4,<7.4,<7.4,<7.4,<7.4,<7.4,<7.4,<7.4,<7.4,<7.4,<7.4,<7.4,<7.4,<7.4,<7.4,<7.4,<7.4,<7.4,<7.4,<7.4,<7.4,<7.4,<7.4,<7.4,<7.4,<7.4,<7.4,<7.4,<7.4,<7.4,<7.4,<7.4,<7.4,<7.4,<7.4,<7.4,<7.4,<7.4,<7.4,<7.4,<7.4,<7.4,<7.4,<7.4,<7.4,<7.4,<7.4,<7.4,<7.4,<7.4,<7.4,<7.4,<7.4,<7.4,<7.4,<7.4,<7.4
physiological tolerance breadths,salinity,stenohaline,stenohaline,stenohaline,stenohaline,stenohaline,stenohaline,stenohaline,stenohaline,stenohaline,stenohaline,stenohaline,stenohaline,stenohaline,stenohaline,stenohaline,stenohaline,euryhaline,stenohaline,stenohaline,euryhaline,stenohaline,stenohaline,stenohaline,stenohaline,stenohaline,stenohaline,stenohaline,stenohaline,stenohaline,stenohaline,stenohaline,stenohaline,stenohaline,stenohaline,stenohaline,stenohaline,euryhaline,stenohaline,stenohaline,stenohaline,stenohaline,stenohaline,euryhaline,stenohaline,stenohaline,stenohaline,stenohaline,stenohaline,stenohaline,euryhaline,stenohaline,stenohaline,stenohaline,stenohaline,stenohaline,stenohaline,stenohaline,stenohaline,stenohaline,stenohaline,stenohaline,stenohaline,stenohaline,stenohaline,stenohaline,stenohaline,stenohaline,stenohaline,stenohaline,stenohaline,stenohaline,stenohaline,stenohaline,stenohaline,stenohaline,stenohaline,stenohaline,stenohaline,stenohaline,stenohaline,stenohaline,stenohaline,stenohaline,stenohaline,stenohaline,stenohaline,stenohaline,stenohaline,stenohaline,stenohaline,stenohaline,stenohaline,stenohaline,stenohaline,euryhaline,stenohaline,stenohaline,stenohaline,stenohaline,stenohaline,stenohaline,stenohaline,stenohaline,stenohaline,stenohaline,stenohaline,stenohaline,stenohaline,stenohaline,stenohaline,stenohaline,stenohaline,stenohaline,stenohaline,stenohaline,stenohaline,stenohaline,stenohaline,stenohaline,stenohaline,stenohaline,stenohaline,stenohaline,stenohaline,stenohaline,stenohaline,stenohaline,stenohaline,euryhaline
physiological tolerance breadths,sensitivity to wave energy (physical forcing),not sensitive,not sensitive,not sensitive,not sensitive,not sensitive,not sensitive,not sensitive,not sensitive,not sensitive,not sensitive,not sensitive,not sensitive,not sensitive,not sensitive,not sensitive,not sensitive,not sensitive,not sensitive,not sensitive,na,not sensitive,not sensitive,not sensitive,not sensitive,not sensitive,not sensitive,not sensitive,not sensitive,not sensitive,not sensitive,not sensitive,not sensitive,not sensitive,not sensitive,not sensitive,not sensitive,not sensitive,not sensitive,not sensitive,not sensitive,not sensitive,not sensitive,na,not sensitive,not sensitive,not sensitive,not sensitive,not sensitive,not sensitive,not sensitive,not sensitive,not sensitive,not sensitive,not sensitive,not sensitive,not sensitive,not sensitive,not sensitive,not sensitive,not sensitive,not sensitive,not sensitive,not sensitive,not sensitive,not sensitive,not sensitive,not sensitive,not sensitive,not sensitive,not sensitive,not sensitive,not sensitive,not sensitive,not sensitive,not sensitive,not sensitive,not sensitive,not sensitive,not sensitive,not sensitive,not sensitive,not sensitive,not sensitive,not sensitive,not sensitive,not sensitive,not sensitive,not sensitive,not sensitive,not sensitive,not sensitive,not sensitive,not sensitive,not sensitive,not sensitive,not sensitive,not sensitive,not sensitive,not sensitive,not sensitive,not sensitive,not sensitive,not sensitive,not sensitive,not sensitive,not sensitive,not sensitive,not sensitive,not sensitive,not sensitive,not sensitive,not sensitive,not sensitive,not sensitive,not sensitive,not sensitive,not sensitive,not sensitive,not sensitive,not sensitive,not sensitive,not sensitive,not sensitive,not sensitive,not sensitive,not sensitive,not sensitive,not sensitive,not sensitive
physiological tolerance breadths,thermal - sensitivity to heat spikes/heat waves,no,no,no,no,no,no,no,no,no,no,no,no,no,no,no,no,no,no,no,no,no,no,no,no,no,no,no,no,no,no,no,no,no,no,no,no,no,no,no,no,no,yes,no,no,no,no,no,no,no,no,no,no,no,no,no,no,no,no,no,no,no,no,no,no,no,no,no,no,no,no,no,no,no,no,no,no,no,no,no,no,no,no,no,no,no,no,no,no,no,no,no,no,no,no,yes,no,no,no,no,no,no,no,no,yes,yes,no,no,no,no,no,no,no,no,no,no,no,no,no,no,no,no,no,yes,no,no,no,no,no,no
physiological tolerance breadths,thermal - sensitivity to ocean warming - max temps tolerated,NA,NA,NA,NA,NA,NA,NA,NA,NA,NA,NA,NA,NA,NA,NA,NA,NA,NA,NA,30c,NA,NA,NA,NA,NA,NA,NA,NA,NA,NA,NA,NA,NA,NA,NA,NA,NA,NA,NA,NA,NA,NA,30c,NA,NA,NA,NA,NA,NA,NA,NA,NA,NA,NA,NA,NA,NA,NA,NA,NA,NA,NA,NA,NA,NA,NA,NA,NA,NA,NA,NA,NA,NA,NA,NA,NA,NA,NA,NA,NA,NA,NA,NA,NA,NA,NA,NA,NA,NA,NA,NA,NA,NA,NA,NA,NA,NA,NA,NA,NA,NA,NA,NA,NA,NA,NA,NA,NA,NA,NA,NA,NA,NA,NA,NA,NA,NA,NA,NA,NA,NA,NA,NA,NA,NA,NA,NA,NA,NA
r (reproductive traits),age to 1st reproduction/generation time,1-5yrs,5-10yrs,10-20yrs,5-10yrs,5-10yrs,unknown,unknown,unknown,1-5yrs,1-5yrs,1-5yrs,5-10yrs;10-20yrs,unknown,5-10yrs,NA,5-10yrs,unknown,unknown,5-10yrs,10-20yrs,10-20yrs,>20yrs,unknown,unknown,5-10yrs;10-20yrs,NA,5-10yrs,NA,unknown,5-10yrs,10-20yrs,10-20yrs,10-20yrs,NA,1-5yrs;5-10yrs;10-20yrs;>20yrs,unknown,unknown,5-10yrs,10-20yrs,unknown,10-20yrs,1-5yrs;5-10yrs,10-20yrs,unknown,unknown,unknown,unknown,NA,1-5yrs,unknown,10-20yrs,5-10yrs;10-20yrs,unknown,5-10yrs,unknown,5-10yrs,5-10yrs,unknown,10-20yrs,10-20yrs,5-10yrs;10-20yrs,10-20yrs,NA,10-20yrs,5-10yrs,5-10yrs,5-10yrs,NA,unknown,NA,5-10yrs,5-10yrs,5-10yrs,unknown,unknown,unknown,10-20yrs,5-10yrs,1-5yrs;5-10yrs,unknown,5-10yrs,5-10yrs,5-10yrs,10-20yrs,NA,NA,unknown,unknown,5-10yrs,unknown,unknown,unknown,10-20yrs,5-10yrs,5-10yrs,1-5yrs;5-10yrs,NA,5-10yrs,NA,unknown,1-5yrs;5-10yrs,unknown,>20yrs,5-10yrs,1-5yrs;5-10yrs,5-10yrs,5-10yrs,unknown,unknown,NA,>20yrs,5-10yrs;10-20yrs,5-10yrs,10-20yrs,5-10yrs,NA,unknown,5-10yrs,unknown,unknown,1-5yrs;5-10yrs,10-20yrs,5-10yrs,5-10yrs,1-5yrs,1-5yrs,unknown,5-10yrs,unknown
r (reproductive traits),are there sub-populations?,unknown,no,no,no,unknown,possibly,yes,unknown,yes,yes,yes,unknown,yes,unknown,unknown,unknown,unknown,yes,yes,yes,yes,yes,yes,yes,unknown,no,unknown,yes,unknown,unknown,unknown,yes,yes,no,yes,unknown,unknown,yes,yes,unknown,yes,unknown,yes,possibly,possibly,unknown,yes,yes,no,unknown,no,yes,yes,unknown,yes,unknown,unknown,yes,yes,yes,yes,yes,yes,unknown,unknown,unknown,unknown,unknown,yes,yes,unknown,unknown,unknown,yes,yes,yes,yes,unknown,unknown,unknown,yes,unknown,unknown,no,yes,no,no,unknown,unknown,no,unknown,unknown,no,unknown,yes,yes,no,yes,yes,unknown,unknown,unknown,yes,unknown,unknown,unknown,unknown,unknown,unknown,yes,yes,unknown,unknown,yes,yes,yes,unknown,unknown,unknown,no,unknown,no,unknown,unknown,unknown,yes,unknown,unknown,yes
r (reproductive traits),can the sex ratio be altered by a stressor?,no,no,no,no,no,no,no,no,no,no,no,no,no,no,no,no,no,no,no,no,no,no,no,no,no,no,no,no,no,no,no,no,no,no,no,no,no,no,no,no,no,no,no,no,no,yes,no,no,no,no,no,no,no,no,no,no,no,no,no,no,no,no,no,no,no,no,no,no,no,no,no,no,no,no,possibly,no,no,no,no,no,no,no,no,no,no,no,no,no,no,no,no,no,no,no,no,no,no,no,no,no,no,no,no,no,no,no,no,no,no,no,no,no,no,no,no,no,no,no,no,no,no,no,no,no,no,no,no,no,no
r (reproductive traits),fecundity,1-2;2-5,1-2,1-2,1-2;2-5,50-100;100-1000,NA,2-5,NA,2-5,2-5,2-5,NA,5-10,50-100;100-1000,2-5,50-100;100-1000,NA,<1;1-2,2-5;5-10,5-10,<1;1-2;2-5,<1;1-2;2-5,1-2;2-5,1-2,2-5,1-2,50-100;100-1000,1-2;2-5;5-10,NA,50-100;100-1000,NA,2-5;5-10,20-50,1-2,2-5;5-10;10-20,NA,NA,20-50,2-5;5-10;10-20,NA,10-20,5-10;10-20,5-10,NA,5-10,NA,NA,2-5;5-10,5-10;10-20;20-50,10-20,10-20,1-2;2-5;5-10,2-5,NA,NA,50-100;100-1000,NA,2-5;5-10,2-5,1-2,1-2,1-2;2-5,5-10,10-20;20-50,NA,50-100;100-1000,NA,NA,1-2,NA,NA,<1;1-2,NA,NA,1-2;2-5,2-5;5-10,10-20,50-100;100-1000,1-2;2-5,NA,1-2,50-100;100-1000,50-100;100-1000,5-10;10-20,2-5;5-10,NA,NA,NA,NA,NA,NA,NA,1-2;2-5,20-50;50-100,2-5;5-10,2-5;5-10,1-2,2-5,<1;1-2,2-5,20-50;50-100,NA,20-50;50-100,5-10;10-20,1-2;2-5;5-10,<1,50-100;100-1000,NA,NA,1-2;2-5;5-10;10-20;20-50,2-5,5-10;10-20;20-50,50-100;100-1000,<1;1-2;2-5;5-10,1-2;2-5;5-10,5-10,NA,NA,NA,NA,2-5;5-10,2-5;5-10,1-2;2-5;5-10,NA,1-2;2-5,1-2;2-5;5-10;10-20,1-2;2-5,50-100;100-1000,NA
r (reproductive traits),feeding larva (post-hatching metamorphosis),na,na,na,na,na,na,na,na,na,na,na,na,na,na,na,na,na,na,na,no larvae,na,na,na,na,na,na,na,na,na,na,na,na,na,na,na,na,na,na,na,na,na,na,no larvae,na,na,na,na,na,na,na,na,na,na,na,na,na,na,na,na,na,na,na,na,na,na,na,na,na,na,na,na,na,na,na,na,na,na,na,na,na,na,na,na,na,na,na,na,na,na,na,na,na,na,na,na,na,na,na,na,na,na,na,na,na,na,na,na,na,na,na,na,na,na,na,na,na,na,na,na,na,na,na,na,na,na,na,na,na,na
r (reproductive traits),global population size,unknown,unknown,unknown,unknown,unknown,unknown,unknown,unknown,unknown,unknown,unknown,unknown,unknown,unknown,unknown,unknown,unknown,unknown,unknown,unknown,10k-100k,unknown,unknown,unknown,1k-10k;10k-100k,unknown,unknown,unknown,unknown,unknown,unknown,unknown,unknown,unknown,unknown,unknown,unknown,unknown,unknown,unknown,unknown,unknown,unknown;1k-10k,unknown,unknown,unknown,unknown,unknown,unknown,unknown,unknown,unknown,unknown,unknown,unknown,unknown,unknown,unknown,unknown,unknown,unknown,unknown,unknown,unknown,unknown,unknown,unknown,unknown,unknown,unknown,unknown,unknown,unknown,unknown,unknown,unknown,unknown,unknown,>1m,unknown,unknown,unknown,unknown,unknown,unknown,unknown,unknown,unknown,unknown,unknown,unknown,unknown,unknown,unknown,1k-10k;10k-100k,unknown,unknown,unknown,unknown,unknown,unknown,unknown,100k-1m,unknown,unknown,unknown,unknown,unknown,unknown,unknown,unknown,unknown,unknown,unknown,unknown,unknown,>1m,unknown,unknown,unknown,unknown,unknown,unknown,unknown,unknown,unknown,unknown,unknown,1k-10k
r (reproductive traits),lifetime # reproductive opportunities,11-25,2-10,2-10,2-10,unknown,unknown,unknown,unknown,11-25,11-25,11-25,unknown,unknown,unknown,NA,unknown,unknown,unknown,2-10,26-50,2-10,2-10;11-25,unknown,unknown,11-25,NA,unknown,NA,unknown,unknown,2-10,2-10,2-10,NA,2-10,unknown,unknown,11-25,11-25,unknown,2-10;11-25,2-10;11-25,26-50,unknown,unknown,unknown,unknown,NA,2-10,unknown,11-25,2-10;11-25,unknown,unknown,unknown,unknown,unknown,unknown,2-10,2-10,2-10,11-25,NA,unknown,unknown,unknown,2-10,NA,unknown,NA,2-10,unknown,unknown,unknown,unknown,unknown,2-10;11-25,unknown,11-25,unknown,2-10,unknown,unknown,2-10,NA,NA,unknown,unknown,unknown,unknown,unknown,unknown,2-10,2-10,2-10,2-10,NA,2-10,NA,unknown,unknown,unknown,26-50,2-10,2-10;11-25,2-10,unknown,unknown,unknown,NA,11-25,2-10,unknown,2-10,2-10,NA,unknown,unknown,unknown,unknown,2-10,2-10,2-10,unknown,2-10,11-25,unknown,unknown,unknown
r (reproductive traits),max age,20-100yrs,10-20yrs,10-20yrs,20-100yrs,unknown,unknown,unknown,unknown,20-100yrs,20-100yrs,20-100yrs,20-100yrs,unknown,unknown,10-20yrs,unknown,unknown,unknown,10-20yrs;20-100yrs,10-20yrs;20-100yrs,20-100yrs,20-100yrs,unknown,unknown,20-100yrs,NA,unknown,NA,unknown,unknown,20-100yrs,20-100yrs,20-100yrs,NA,10-20yrs;20-100yrs,unknown,unknown,20-100yrs,20-100yrs,unknown,20-100yrs,10-20yrs,10-20yrs;20-100yrs,unknown,10-20yrs,unknown,unknown,NA,10-20yrs,unknown,20-100yrs,20-100yrs,unknown,20-100yrs,unknown,unknown,20-100yrs,unknown,20-100yrs,20-100yrs,20-100yrs,20-100yrs,NA,20-100yrs,20-100yrs,unknown,10-20yrs,NA,unknown,NA,10-20yrs,unknown,unknown,10-20yrs,unknown,unknown,20-100yrs,unknown,10-20yrs,unknown,10-20yrs,unknown,unknown,20-100yrs,NA,NA,unknown,20-100yrs,20-100yrs,unknown,unknown,unknown,10-20yrs,20-100yrs,10-20yrs,5-10yrs,NA,10-20yrs,NA,10-20yrs,5-10yrs;10-20yrs,unknown,20-100yrs,10-20yrs,10-20yrs,10-20yrs,unknown,unknown,unknown,NA,>100yrs,10-20yrs;20-100yrs,unknown,20-100yrs,20-100yrs,20-100yrs,10-20yrs,20-100yrs,unknown,unknown,10-20yrs,20-100yrs,10-20yrs,20-100yrs,10-20yrs,10-20yrs,unknown,unknown,unknown
r (reproductive traits),parental investment,live birth/egg care,live birth/egg care,live birth/egg care,live birth/egg care,egg-layer unattended,egg-layer unattended,egg-layer unattended,egg-layer unattended,egg-layer unattended,egg-layer unattended,egg-layer unattended,egg-layer unattended,live birth/egg care,egg-layer unattended,live birth/egg care,egg-layer unattended,live birth/egg care,live birth/egg care;egg-layer unattended,live birth/egg care,live birth/egg care,live birth/egg care,live birth/egg care,egg-layer unattended,live birth/egg care,live birth/egg care,live birth/egg care;egg-layer unattended,egg-layer unattended,live birth/egg care,live birth/egg care,egg-layer unattended,egg-layer unattended,live birth/egg care,live birth/egg care,live birth/egg care;egg-layer unattended,live birth/egg care,egg-layer unattended;live birth/egg care,live birth/egg care,live birth/egg care,live birth/egg care,egg-layer unattended;live birth/egg care,live birth/egg care,live birth/egg care,live birth/egg care,egg-layer unattended,live birth/egg care,egg-layer unattended,egg-layer unattended,live birth/egg care,egg-layer unattended,live birth/egg care,egg-layer unattended,live birth/egg care,live birth/egg care,live birth/egg care,egg-layer unattended,egg-layer unattended,live birth/egg care,live birth/egg care,live birth/egg care,live birth/egg care,live birth/egg care,live birth/egg care,live birth/egg care,egg-layer unattended,live birth/egg care,egg-layer unattended,live birth/egg care,live birth/egg care,live birth/egg care,live birth/egg care,live birth/egg care,live birth/egg care,live birth/egg care,live birth/egg care,live birth/egg care,live birth/egg care,live birth/egg care,egg-layer unattended,live birth/egg care,egg-layer unattended,live birth/egg care,egg-layer unattended,egg-layer unattended,live birth/egg care,live birth/egg care,egg-layer unattended,egg-layer unattended,live birth/egg care,live birth/egg care,egg-layer unattended,live birth/egg care,live birth/egg care,egg-layer unattended,live birth/egg care,live birth/egg care,live birth/egg care,live birth/egg care;egg-layer unattended,live birth/egg care,live birth/egg care,live birth/egg care,egg-layer unattended,egg-layer unattended,live birth/egg care,live birth/egg care,live birth/egg care,live birth/egg care,egg-layer unattended,egg-layer unattended,egg-layer unattended,live birth/egg care,live birth/egg care,live birth/egg care,egg-layer unattended,live birth/egg care,live birth/egg care,egg-layer unattended,live birth/egg care,live birth/egg care,live birth/egg care,live birth/egg care,live birth/egg care,live birth/egg care,live birth/egg care,live birth/egg care,live birth/egg care,live birth/egg care,live birth/egg care,egg-layer unattended,egg-layer unattended
r (reproductive traits),post-birth/hatching maternal dependence,na,na,na,na,na,na,na,na,na,na,na,na,na,na,na,na,na,na,na,na,na,na,na,na,na,na,na,na,na,na,na,na,na,na,na,na,na,na,na,na,na,na,na,na,na,na,na,na,na,na,na,na,na,na,na,na,na,na,na,na,na,na,na,na,na,na,na,na,na,na,na,na,na,na,na,na,na,na,na,na,na,na,na,na,na,na,na,na,na,na,na,na,na,na,na,na,na,na,na,na,na,na,na,na,na,na,na,na,na,na,na,na,na,na,na,na,na,na,na,na,na,na,na,na,na,na,na,na,na
r (reproductive traits),reproductive strategy,sexual dioecious,sexual dioecious,sexual dioecious,sexual dioecious,sexual dioecious,sexual dioecious,sexual dioecious,sexual dioecious,sexual dioecious,sexual dioecious,sexual dioecious,sexual dioecious,sexual dioecious,sexual dioecious,sexual dioecious,sexual dioecious,sexual dioecious,sexual dioecious,sexual dioecious,sexual dioecious,sexual dioecious,sexual dioecious,sexual dioecious,sexual dioecious,sexual dioecious,sexual dioecious,sexual dioecious,sexual dioecious,sexual dioecious,sexual dioecious,sexual dioecious,sexual dioecious,sexual dioecious,sexual dioecious,sexual dioecious,sexual dioecious,sexual dioecious,sexual dioecious,sexual dioecious,sexual dioecious,sexual dioecious,sexual dioecious,sexual dioecious,sexual dioecious,sexual dioecious,sexual dioecious,sexual dioecious,sexual dioecious,sexual dioecious,sexual dioecious,sexual dioecious,sexual dioecious,sexual dioecious,sexual dioecious,sexual dioecious,sexual dioecious,sexual dioecious,sexual dioecious,sexual dioecious,sexual dioecious,sexual dioecious,sexual dioecious,sexual dioecious,sexual dioecious,sexual dioecious,sexual dioecious,sexual dioecious,sexual dioecious,sexual dioecious,sexual dioecious,sexual dioecious,sexual dioecious,sexual dioecious,sexual dioecious,sexual dioecious,sexual dioecious,sexual dioecious,sexual dioecious,sexual dioecious,sexual dioecious,sexual dioecious,sexual dioecious,sexual dioecious,sexual dioecious,sexual dioecious,sexual dioecious,sexual dioecious,sexual dioecious,sexual dioecious,sexual dioecious,sexual dioecious,sexual dioecious,sexual dioecious,sexual dioecious,sexual dioecious,sexual dioecious,sexual dioecious,sexual dioecious,sexual dioecious,sexual dioecious,sexual dioecious,sexual dioecious,sexual dioecious,sexual dioecious,sexual dioecious,sexual dioecious,sexual dioecious,sexual dioecious,sexual dioecious,sexual dioecious,sexual dioecious,sexual dioecious,sexual dioecious,sexual dioecious,sexual dioecious,sexual dioecious,sexual dioecious,sexual dioecious,sexual dioecious,sexual dioecious,sexual dioecious,sexual dioecious,sexual dioecious,sexual dioecious,sexual dioecious,sexual dioecious,sexual dioecious,sexual dioecious,sexual dioecious
spatial scale of species,depth (min/max),NA,NA,NA,NA,NA,NA,NA,NA,NA,NA,NA,NA,NA,NA,NA,NA,NA,NA,NA,NA,NA,NA,NA,NA,NA,NA,NA,NA,NA,NA,NA,NA,NA,NA,NA,NA,NA,NA,NA,NA,NA,NA,NA,NA,NA,NA,NA,NA,NA,NA,NA,NA,NA,NA,NA,NA,NA,NA,NA,NA,NA,NA,NA,NA,NA,NA,NA,NA,unknown,NA,NA,NA,NA,NA,NA,NA,NA,NA,NA,NA,NA,NA,NA,NA,NA,NA,NA,NA,NA,NA,NA,NA,NA,NA,NA,NA,NA,NA,NA,NA,NA,NA,NA,NA,NA,NA,NA,NA,NA,NA,NA,NA,NA,NA,NA,NA,NA,NA,NA,NA,NA,NA,NA,NA,NA,NA,NA,NA,NA
spatial scale of species,eoo (range),>20000,>20000,>20000,>20000,>20000,>20000,>20000,>20000,>20000,>20000,>20000,>20000,>20000,>20000,>20000,>20000,>20000,>20000,>20000,>20000,>20000,>20000,>20000,>20000,>20000,>20000,>20000,>20000,>20000,>20000,>20000,>20000,>20000,>20000,>20000,>20000,>20000,>20000,>20000,>20000,>20000,>20000,>20000,>20000,>20000,>20000,>20000,>20000,>20000,>20000,>20000,>20000,>20000,>20000,>20000,>20000,>20000,>20000,>20000,>20000,>20000,>20000,>20000,>20000,>20000,>20000,>20000,>20000,>20000,>20000,>20000,>20000,>20000,>20000,>20000,>20000,>20000,>20000,>20000,>20000,>20000,>20000,>20000,>20000,>20000,5000-19999,>20000,>20000,>20000,>20000,>20000,>20000,>20000,>20000,>20000,>20000,>20000,>20000,>20000,>20000,>20000,>20000,>20000,>20000,>20000,>20000,>20000,>20000,>20000,>20000,>20000,>20000,>20000,>20000,>20000,>20000,>20000,>20000,>20000,>20000,>20000,>20000,>20000,>20000,>20000,>20000,>20000,>20000,100-4999
spatial scale of species,zone,demersal;pelagic,pelagic,pelagic,pelagic,demersal,benthic,demersal,benthic;demersal,demersal,demersal,demersal,benthic;demersal,demersal,demersal,benthic,demersal,benthic,demersal,demersal;pelagic,intertidal;neritic,pelagic,demersal,demersal,demersal,pelagic,demersal,demersal,demersal;pelagic,demersal,demersal,demersal,demersal,demersal,demersal,demersal,demersal,demersal,demersal;pelagic,demersal,demersal,benthic,benthic,intertidal;neritic,benthic;demersal,demersal,demersal,demersal,demersal,benthic,benthic,benthic,demersal,demersal,benthic,demersal,demersal,benthic,benthic,pelagic,pelagic,pelagic,pelagic,demersal,demersal,benthic,demersal,pelagic,pelagic,pelagic,pelagic,pelagic,pelagic,pelagic,demersal;pelagic,benthic,benthic,benthic,demersal,benthic,benthic,demersal;pelagic,demersal,demersal,benthic,demersal,benthic,demersal,demersal,benthic,demersal,benthic,benthic,demersal,pelagic,benthic,benthic,demersal,pelagic,demersal,pelagic,demersal,demersal,pelagic,benthic,benthic,pelagic,demersal,demersal,demersal,demersal,demersal,pelagic;demersal,demersal,demersal,benthic,demersal,benthic,benthic,demersal,benthic;demersal,demersal,demersal,benthic,benthic,benthic,benthic;demersal,benthic,demersal,benthic
specialisation,across-stage dependent habitats + condition,coral reef;soft slope;hard slope;mangrove;seagrass;intertidal mud;beach;deep water;soft shelf,deep water;pelagic;surface waters,deep water;pelagic;surface waters,deep water;pelagic;surface waters,deep water;deep soft benthic;soft slope;hard slope;rocky intertidal;rocky reef;hard shelf;soft shelf,deep water;deep soft benthic;soft slope;hard slope;hard shelf;soft shelf,deep water;deep soft benthic;soft slope;hard slop;deep seamount,deep water;deep soft benthic;soft slope;hard slope;rocky intertidal;rocky reef;hard shelf;soft shelf,coral reef;soft slope;soft shelf;hard shelf;hard slope;deep water;seagrass;mangrove,coral reef;soft slope;soft shelf;hard shelf;hard slope;deep water;seagrass;mangrove,coral reef;soft slope;soft shelf;hard shelf;hard slope;deep water;seagrass;mangrove,deep water;deep soft benthic;soft slope;hard slope;rocky intertidal;rocky reef;hard shelf;soft shelf,beach;soft slope;soft shelf;intertidal mud,deep water;deep soft benthic;soft slope;hard slope;rocky intertidal;rocky reef;hard shelf;soft shelf,beach;subtidal soft bottom;soft slope;hard slope;rocky reef;coral reef;seagrass;mangrove,deep water;deep soft benthic;soft slope;hard slope;rocky intertidal;rocky reef;hard shelf;soft shelf,coral reef;soft slope;intertidal mud;mangrove;seagrass;beach,deep water;deep soft benthic;soft slope;hard slope,coral reef;beach;rocky intertidal;seagrass;mangrove;deep hard bottom;deep soft bottom;soft slope;hard slope;intertidal mud,mangrove;beach;intertidal mud;rocky intertidal,pelagic;surface waters;rocky reefs;soft slope;hard slope,deep water;deep soft benthic;deep hard bottom;rocky reef;hard shelf;soft shelf,deep water;deep soft benthic;soft slope;hard slope,hard slope;soft slope;hard shelf;soft shelf;deep water,deep water;pelagic;surface waters,deep water;soft slope;hard slope;deep soft benthic;deep hard benthic,deep water;deep soft benthic;soft slope;hard slope;rocky intertidal;rocky reef;hard shelf;soft shelf,deep water;deep soft benthic;deep hard bottom,deep water;deep soft benthic;soft slope;hard slope;rocky intertidal;rocky reef;hard shelf;soft shelf,deep water;deep soft benthic;soft slope;hard slope;rocky intertidal;rocky reef;hard shelf;soft shelf,deep water;deep soft benthic;soft slope;hard slope;rocky intertidal;rocky reef;hard shelf;soft shelf,deep water;deep soft benthic;deep hard bottom,deep water;deep soft benthic;deep hard bottom,deep water;soft slope;hard slope;deep soft benthic;deep hard benthic,deep water;deep soft benthic;deep hard bottom;deep seamount;hard shelf;soft shelf,hard slope;soft slope;hard shelf;soft shelf;deep water,coral reef;soft shelf;soft slope;intertidal mud;mangrove;seagrass,coral reef;beach;seagrass;mangrove;rocky reef,hard shelf;soft shelf;hard slope;soft slope;rocky reef,hard slope;soft slope;hard shelf;soft shelf;deep water,coral reef;beach;rocky intertidal;seagrass;mangrove,coral reef;soft shelf;soft slope;beach;surface water;seagrass;mangroce;intertidal mud,mangrove;beach;intertidal mud;rocky intertidal,deep water;deep soft benthic;soft slope;hard slope;hard shelf;soft shelf,beach;intertidal mud;soft slope;soft shelf,deep soft benthic;soft slope;hard slope;rocky reef;hard shelf;soft shelf,soft shelf;hard shelf;rocky reef;kelp forest;beach;rocky intertidal,hard shelf;soft shelf;hard slope;soft slope;coral reef,coral reef;rocky reef;beach;mangrove;seagrass;rocky intertidal,coral reef;soft slope;intertidal mud;mangrove;seagrass;beach,coral reef;rocky reef;rocky intertidal;mangrove;seagrass,deep water;deep soft benthic;deep hard bottom;deep sea mounts,deep water;deep soft benthic;soft slope;hard slope;rhard shelf;soft shelf,coral reef;soft shelf;soft slope;intertidal mud;estuary;mangrove;seagrass,hard slope;soft slope;hard shelf;soft shelf,deep water;deep soft benthic;soft slope;hard slope;rocky intertidal;rocky reef;hard shelf;soft shelf,coral reef;soft shelf;soft slope;intertidal mud;estuary;mangrove;seagrass,soft slope;soft shelf;intertidal mud;beach,pelagic;surface waters;rocky reefs;soft slope;hard slope,pelagic;surface waters;rocky reefs;soft slope;hard slope,pelagic;surface waters;soft slope;hard slope,pelagic;surface waters;rocky reefs;soft slope;hard slope,hard slope;soft slope;deep seamount;hard shelf;soft shelf,deep water;deep soft benthic;soft slope;hard slope;rocky intertidal;rocky reef;hard shelf;soft shelf,coral reef;soft shelf;soft slope;intertidal mud;estuary;mangrove;seagrass,deep water;deep soft benthic;soft slope;hard slope;rocky intertidal;rocky reef;hard shelf;soft shelf,coral reef;soft slope;hard slope;mangrove;seagrass;intertidal mud;beach;deep water;soft shelf,deep water;pelagic,coral reef;soft slope;hard slope;rocky reef;soft shelf,deep water;deep hard bottom;deep soft benthic,coral reef;soft slope;hard slope;mangrove;seagrass;intertidal mud;beach;deep water;soft shelf,coral reef;soft slope;hard slope;mangrove;seagrass;intertidal mud;beach;deep water;soft shelf;rocky reef,coral reef;soft slope;hard slope;mangrove;seagrass;intertidal mud;beach;deep water;soft shelf;rocky reef,coral reef;soft slope;hard slope;mangrove;seagrass;intertidal mud;beach;deep water;soft shelf,coral reef;soft shelf;soft slope;beach;intertidal mud,deep water;deep soft benthic;soft slope;hard slope;rocky intertidal;rocky reef;hard shelf;soft shelf;intertidal mud,coral reef;beach;rocky intertidal;seagrass;mangrove,deep water;deep soft benthic;soft slope;hard slope;rocky intertidal;rocky reef;hard shelf;soft shelf,coral reef;soft slope;beach;intertidal mud;seagrass;mangrove;soft shelf,deep water;deep soft benthic;soft slope;hard slope;rocky intertidal;rocky reef;hard shelf;soft shelf,coral reef;rocky reef;surface water;hard slope,deep water;deep soft benthic;soft slope;hard slope;rocky intertidal;rocky reef;hard shelf;soft shelf,deep water;deep soft benthic;soft slope;hard slope;rocky intertidal;rocky reef;hard shelf;soft shelf,rocky reef;coral reef;seagrass,deep water;deep soft benthic;deep hard bottom,subtidal soft bottom;hard slope;kelp forest;soft slope;rocky reef;coral reef;hard shelf;soft shelf;beach;rocky intertidal,deep water;deep soft benthic;soft slope;hard slope;deep hard bottom,deep water;deep soft benthic;soft slope;hard slope;rocky intertidal;rocky reef;hard shelf;soft shelf,coral reef;soft shelf;soft slope;intertidal mud;estuary;mangrove;seagrass,deep water;deep soft benthic;soft slope;hard slope;deep hard bottom,coral reef;soft shelf;soft slope;beach;rocky reef;hard slope;hard shelf,deep water;soft slope;soft shelf,coral reef;rocky reef;kelp forest;soft slope;hard slope;rocky intertidal,surface water;deep water,beach;coral reef;seagrass;intertidal mud;mangrove,deep water;deep soft benthic;deep hard bottom;deep seamount;hard shelf;soft shelf,deep water;soft slope;hard slope;deep soft benthic;deep hard benthic,deep water;deep hard bottom;deep soft benthic;pelagic,hard slope;soft slope;deep seamount;hard shelf;soft shelf,surface water;mid-water,deep water;deep soft benthic;soft slope;hard slope;rocky intertidal;rocky reef;hard shelf;soft shelf,deep water;deep soft benthic;soft slope;hard slope;hard shelf;soft shelf,coral reef;pelagic,coral reef;soft shelf;soft slope;beach;surface water;seagrass;mangroce;intertidal mud,coral reef;soft shelf;soft slope;beach;surface water;seagrass;mangroce;intertidal mud,coral reef;soft slope;seagrass;intertidal mud;beach;soft shelf,deep water;deep soft benthic;soft slope;hard slope;rocky intertidal;rocky reef;hard shelf;soft shelf,deep water;deep soft benthic;soft slope;hard slope;rocky intertidal;rocky reef;hard shelf;soft shelf,deep water;deep soft benthic;soft slope;hard slope;rocky intertidal;rocky reef;hard shelf;soft shelf,deep water;deep soft benthic;deep hard bottom;deep seamount;hard shelf;soft shelf,deep water;deep soft benthic;deep hard bottom;deep seamount;hard shelf;soft shelf,coral reef;beach;rocky intertidal;seagrass;mangrove;hard shelf;soft shelf,deep water;deep soft benthic;soft slope;hard slope;rocky intertidal;rocky reef;hard shelf;soft shelf,deep water;deep soft benthic;deep hard bottom;hard shelf;soft shelf,deep water;deep soft benthic;deep hard bottom;hard shelf;soft shelf;rocky reef;coral reef;intertidal mud;kelp forest,coral reef;beach;rocky intertidal,coral reef;soft slope,coral reef;soft shelf;soft slope;intertidal mud;estuary;mangrove;seagrass,coral reef;soft shelf;soft slope;intertidal mud;mangrove;seagrass,soft slope;soft shelf;intertidal mud;beach;coral reef;rocky reef,hard shelf;soft shelf;hard slope;soft slope;rocky reef;coral reef;intertidal mud;rocky intertidal,hard shelf;soft shelf;hard slope;soft slope;rocky reef;intertidal mud;rocky intertidal,coral reef;soft shelf;soft slope;beach;surface water;seagrass;mangroce;intertidal mud;rocky reef,coral reef;soft shelf;soft slope;intertidal mud;estuary;mangrove;seagrass,coral reef;soft slope;hard slope;mangrove;seagrass;intertidal mud;beach;deep water,coral reef;soft slope;hard slope;mangrove;seagrass;intertidal mud;beach;rocky reef,coral reef;soft shelf;soft slope;beach,deep water;deep soft benthic;soft slope;hard slope;rocky intertidal;rocky reef;hard shelf;soft shelf,deep water;deep soft benthic;soft slope;hard slope;rocky intertidal;rocky reef;hard shelf;soft shelf
specialisation,air-sea interface,no,no,no,no,no,no,no,no,no,no,no,no,no,no,no,no,no,no,no,no,no,no,no,no,no,no,no,no,no,no,no,no,no,no,no,no,no,no,no,no,no,no,no,no,no,no,no,no,no,no,no,no,no,no,no,no,no,no,no,no,no,no,no,no,no,no,no,no,no,no,no,no,no,no,no,no,no,no,no,no,no,no,no,no,no,no,no,no,no,no,no,no,no,no,no,no,no,no,no,no,no,no,no,no,no,no,no,no,no,no,no,no,no,no,no,no,no,no,no,no,no,no,no,no,no,no,no,no,no
specialisation,dependent interspecific interactions,no,no,no,no,no,no,no,no,no,no,no,no,no,no,no,no,no,no,no,no,no,no,no,no,yes,no,no,no,no,no,no,no,no,no,no,no,no,no,no,no,no,no,no,no,no,no,no,no,no,no,no,no,no,no,no,no,no,no,no,no,no,no,no,no,no,no,no,yes,no,no,no,no,no,no,no,no,no,no,no,no,no,no,no,no,no,no,no,no,no,no,no,no,no,no,no,no,no,no,no,no,no,no,yes,no,no,no,no,no,no,no,no,no,no,no,no,no,no,no,no,no,no,no,no,no,no,no,no,no,no
specialisation,extreme diet specialization,generalist,generalist,generalist,generalist,generalist,generalist,generalist,generalist,generalist,generalist,generalist,generalist,generalist,generalist,generalist,generalist,generalist,generalist,generalist,generalist,generalist,generalist,generalist,generalist,specialist,generalist,generalist,generalist,generalist,generalist,generalist,generalist,generalist,generalist,generalist,generalist,generalist,generalist,generalist,generalist,generalist,generalist,generalist,generalist,generalist,generalist,generalist,generalist,generalist,generalist,generalist,generalist,generalist,generalist,generalist,generalist,generalist,generalist,generalist,generalist,generalist,generalist,generalist,generalist,generalist,generalist,generalist,specialist,generalist,generalist,generalist,generalist,generalist,generalist,generalist,generalist,generalist,generalist,generalist,generalist,generalist,generalist,generalist,generalist,generalist,generalist,generalist,generalist,generalist,generalist,generalist,generalist,generalist,generalist,generalist,generalist,generalist,generalist,generalist,generalist,generalist,generalist,specialist,generalist,generalist,generalist,generalist,generalist,generalist,generalist,generalist,generalist,generalist,generalist,generalist,generalist,generalist,generalist,generalist,generalist,generalist,generalist,generalist,generalist,generalist,generalist,generalist,generalist,generalist
specialisation,light dependence,no,no,no,no,no,no,no,no,no,no,no,no,no,no,no,no,no,no,no,no,no,no,no,no,no,no,no,no,no,no,no,no,no,no,no,no,no,no,no,no,no,no,no,no,no,no,no,no,no,no,no,no,no,no,no,no,no,no,no,no,no,no,no,no,no,no,no,no,no,no,no,no,no,no,no,no,no,no,no,no,no,no,no,no,no,no,no,no,no,no,no,no,no,no,no,no,no,no,no,no,no,no,no,no,no,no,no,no,no,no,no,no,no,no,no,no,no,no,no,no,no,no,no,no,no,no,no,no,no
specialisation,terrestrial and marine life stages,no,no,no,no,no,no,no,no,no,no,no,no,no,no,no,no,no,no,no,yes,no,no,no,no,no,no,no,no,no,no,no,no,no,no,no,no,no,no,no,no,no,no,yes,no,no,no,no,no,no,no,no,no,no,no,no,no,no,no,no,no,no,no,no,no,no,no,no,no,no,no,no,no,no,no,no,no,no,no,no,no,no,no,no,no,no,no,no,no,no,no,no,no,no,no,no,no,no,no,no,no,no,no,no,no,no,no,no,no,no,no,no,no,no,no,no,no,no,no,no,no,no,no,no,no,no,no,no,no,no
specialisation,within-stage dependent habitats + condition,coral reef;soft slope;hard slope;mangrove;seagrass;intertidal mud;beach;deep water;soft shelf,deep water;pelagic;surface waters,deep water;pelagic;surface waters,deep water;pelagic;surface waters,deep water;deep soft benthic;soft slope;hard slope;rocky intertidal;rocky reef;hard shelf;soft shelf,deep water;deep soft benthic;soft slope;hard slope;hard shelf;soft shelf,deep water;deep soft benthic;soft slope;hard slop;deep seamount,deep water;deep soft benthic;soft slope;hard slope;rocky reef;hard shelf;soft shelf;intertidal mud;beach,coral reef;soft slope;soft shelf;hard shelf;hard slope;deep water;seagrass;mangrove,coral reef;soft slope;soft shelf;hard shelf;hard slope;deep water;seagrass;mangrove,coral reef;soft slope;soft shelf;hard shelf;hard slope;deep water;seagrass;mangrove,deep water;deep soft benthic;soft slope;hard slope;rocky intertidal;rocky reef;hard shelf;soft shelf,beach;soft slope;soft shelf;intertidal mud,deep water;deep soft benthic;soft slope;hard slope;rocky intertidal;rocky reef;hard shelf;soft shelf,beach;subtidal soft bottom;soft slope;hard slope;rocky reef;coral reef;seagrass,deep water;deep soft benthic;soft slope;hard slope;rocky intertidal;rocky reef;hard shelf;soft shelf,coral reef;soft slope;intertidal mud;mangrove;seagrass;beach,deep water;deep soft benthic;soft slope;hard slope,coral reef;beach;rocky intertidal;seagrass;mangrove;deep hard bottom;deep soft bottom;soft slope;hard slope;intertidal mud,mangrove;beach;intertidal mud;rocky intertidal,pelagic;surface waters;rocky reefs;soft slope;hard slope,deep water;deep soft benthic;deep hard bottom;rocky reef;hard shelf;soft shelf,deep water;deep soft benthic;soft slope;hard slope;rocky reef,hard slope;soft slope;hard shelf;soft shelf;deep water,deep water;pelagic;surface waters,deep water;soft slope;hard slope;deep soft benthic;deep hard benthic,deep water;deep soft benthic;soft slope;hard slope;rocky intertidal;rocky reef;hard shelf;soft shelf,deep water;deep soft benthic;deep hard bottom,deep water;deep soft benthic;soft slope;hard slope;rocky intertidal;rocky reef;hard shelf;soft shelf,deep water;deep soft benthic;soft slope;hard slope;rocky intertidal;rocky reef;hard shelf;soft shelf,deep water;deep soft benthic;soft slope;hard slope;rocky intertidal;rocky reef;hard shelf;soft shelf,deep water;deep soft benthic;deep hard bottom,deep water;deep soft benthic;deep hard bottom,deep water;soft slope;hard slope;deep soft benthic;deep hard benthic,deep water;deep soft benthic;deep hard bottom;deep seamount;hard shelf;soft shelf,hard slope;soft slope;hard shelf;soft shelf;deep water,coral reef;soft shelf;soft slope;intertidal mud;mangrove;seagrass,coral reef;beach;seagrass;mangrove;rocky reef,hard shelf;soft shelf;hard slope;soft slope;rocky reef,hard slope;soft slope;hard shelf;soft shelf;deep water,coral reef;beach;rocky intertidal;seagrass;mangrove,coral reef;soft shelf;soft slope;beach;surface water;seagrass;mangroce;intertidal mud,mangrove;beach;intertidal mud;rocky intertidal,deep water;deep soft benthic;soft slope;hard slope;hard shelf;soft shelf,beach;intertidal mud;soft slope;soft shelf,deep soft benthic;soft slope;hard slope;rocky reef;hard shelf;soft shelf,soft shelf;hard shelf;rocky reef;kelp forest;beach;rocky intertidal,hard shelf;soft shelf;hard slope;soft slope;coral reef,coral reef;rocky reef;beach;mangrove;seagrass;rocky intertidal,coral reef;soft slope;intertidal mud;mangrove;seagrass;beach,coral reef;rocky reef;rocky intertidal;mangrove;seagrass,deep water;deep soft benthic;deep hard bottom;deep sea mounts,deep water;deep soft benthic;soft slope;hard slope;rhard shelf;soft shelf,coral reef;soft shelf;soft slope;intertidal mud;estuary;mangrove;seagrass,hard slope;soft slope;hard shelf;soft shelf,deep water;deep soft benthic;soft slope;hard slope;rocky intertidal;rocky reef;hard shelf;soft shelf,coral reef;soft shelf;soft slope;intertidal mud;estuary;mangrove;seagrass,soft slope;soft shelf;intertidal mud;beach,pelagic;surface waters;rocky reefs;soft slope;hard slope,pelagic;surface waters;rocky reefs;soft slope;hard slope,pelagic;surface waters;soft slope;hard slope,pelagic;surface waters;rocky reefs;soft slope;hard slope,hard slope;soft slope;deep seamount;hard shelf;soft shelf,deep water;deep soft benthic;soft slope;hard slope;rocky intertidal;rocky reef;hard shelf;soft shelf,coral reef;soft shelf;soft slope;intertidal mud;estuary;mangrove;seagrass,deep water;deep soft benthic;soft slope;hard slope;rocky intertidal;rocky reef;hard shelf;soft shelf,coral reef;soft slope;hard slope;mangrove;seagrass;intertidal mud;beach;deep water;soft shelf,deep water;pelagic,coral reef;soft slope;hard slope;rocky reef;soft shelf,deep water;deep hard bottom;deep soft benthic,coral reef;soft slope;hard slope;mangrove;seagrass;intertidal mud;beach;deep water;soft shelf,coral reef;soft slope;hard slope;mangrove;seagrass;intertidal mud;beach;deep water;soft shelf;rocky reef,coral reef;soft slope;hard slope;mangrove;seagrass;intertidal mud;beach;deep water;soft shelf;rocky reef,coral reef;soft slope;hard slope;mangrove;seagrass;intertidal mud;beach;deep water;soft shelf,coral reef;soft shelf;soft slope;beach;intertidal mud,deep water;deep soft benthic;soft slope;hard slope;rocky intertidal;rocky reef;hard shelf;soft shelf;intertidal mud,coral reef;beach;rocky intertidal;seagrass;mangrove,deep water;deep soft benthic;soft slope;hard slope;rocky intertidal;rocky reef;hard shelf;soft shelf,coral reef;soft slope;beach;intertidal mud;seagrass;mangrove;soft shelf,deep water;deep soft benthic;soft slope;hard slope;rocky intertidal;rocky reef;hard shelf;soft shelf,coral reef;rocky reef;surface water;hard slope,deep water;deep soft benthic;soft slope;hard slope;rocky intertidal;rocky reef;hard shelf;soft shelf,deep water;deep soft benthic;soft slope;hard slope;rocky intertidal;rocky reef;hard shelf;soft shelf,rocky reef;coral reef;seagrass,deep water;deep soft benthic;deep hard bottom,subtidal soft bottom;hard slope;kelp forest;soft slope;rocky reef;coral reef;hard shelf;soft shelf;beach;rocky intertidal,deep water;deep soft benthic;soft slope;hard slope;deep hard bottom,deep water;deep soft benthic;soft slope;hard slope;rocky intertidal;rocky reef;hard shelf;soft shelf,coral reef;soft shelf;soft slope;intertidal mud;estuary;mangrove;seagrass,deep water;deep soft benthic;soft slope;hard slope;deep hard bottom,coral reef;soft shelf;soft slope;beach;rocky reef;hard slope;hard shelf,deep water;soft slope;soft shelf,coral reef;rocky reef;kelp forest;soft slope;hard slope;rocky intertidal,surface water;deep water,beach;coral reef;seagrass;intertidal mud;mangrove,deep water;deep soft benthic;deep hard bottom;deep seamount;hard shelf;soft shelf,deep water;soft slope;hard slope;deep soft benthic;deep hard benthic,deep water;deep hard bottom;deep soft benthic;pelagic,hard slope;soft slope;deep seamount;hard shelf;soft shelf,surface water;mid-water,deep water;deep soft benthic;soft slope;hard slope;rocky intertidal;rocky reef;hard shelf;soft shelf,deep water;deep soft benthic;soft slope;hard slope;hard shelf;soft shelf,coral reef;pelagic,coral reef;soft shelf;soft slope;beach;surface water;seagrass;mangroce;intertidal mud,coral reef;soft shelf;soft slope;beach;surface water;seagrass;mangroce;intertidal mud,coral reef;soft slope;seagrass;intertidal mud;beach;soft shelf,deep water;deep soft benthic;soft slope;hard slope;rocky intertidal;rocky reef;hard shelf;soft shelf,deep water;deep soft benthic;soft slope;hard slope;rocky intertidal;rocky reef;hard shelf;soft shelf,deep water;deep soft benthic;soft slope;hard slope;rocky intertidal;rocky reef;hard shelf;soft shelf,deep water;deep soft benthic;deep hard bottom;deep seamount;hard shelf;soft shelf,deep water;deep soft benthic;deep hard bottom;deep seamount;hard shelf;soft shelf,coral reef;beach;rocky intertidal;seagrass;mangrove;hard shelf;soft shelf,deep water;deep soft benthic;soft slope;hard slope;rocky intertidal;rocky reef;hard shelf;soft shelf,deep water;deep soft benthic;deep hard bottom;rocky reef;hard shelf;soft shelf,deep water;deep soft benthic;deep hard bottom;hard shelf;soft shelf;rocky reef;coral reef;intertidal mud;kelp forest,coral reef;beach;rocky intertidal,coral reef;soft slope,coral reef;soft shelf;soft slope;intertidal mud;estuary;mangrove;seagrass,coral reef;soft shelf;soft slope;intertidal mud;mangrove;seagrass,soft slope;soft shelf;intertidal mud;beach;coral reef;rocky reef,hard shelf;soft shelf;hard slope;soft slope;rocky reef;coral reef;intertidal mud;rocky intertidal,hard shelf;soft shelf;hard slope;soft slope;rocky reef;intertidal mud;rocky intertidal,coral reef;soft shelf;soft slope;beach;surface water;seagrass;mangroce;intertidal mud;rocky reef,coral reef;soft shelf;soft slope;intertidal mud;estuary;mangrove;seagrass,coral reef;soft slope;hard slope;mangrove;seagrass;intertidal mud;beach;deep water,coral reef;soft slope;hard slope;mangrove;seagrass;intertidal mud;beach;rocky reef,coral reef;soft shelf;soft slope;beach,deep water;deep soft benthic;soft slope;hard slope;rocky intertidal;rocky reef;hard shelf;soft shelf,deep water;deep soft benthic;soft slope;hard slope;rocky intertidal;rocky reef;hard shelf;soft shelf
