category,trait,acanthochromis polyacanthus,acanthurus dussumieri,acromycter perturbator,amphiprion akindynos,anguilla australis,apterichtus kendalli,ariosoma selenops,asarcenchelys longimanus,balistoides viridescens,bathycongrus retrotinctus,bathycongrus vicinalis,bathypterois grallator,bathyuroconger vicinus,brachionichthys hirsutus,brachysomophis longipinnis,callechelys bitaeniata,carapus bermudensis,cephalopholis cyanostigma,cetoscarus bicolor,chaetodon auriga,chaetodon triangulum,chaetodon trifascialis,champsocephalus gunnari,chanos chanos,chlopsis kazuko,cirripectes alleni,cirripectes filamentosus,clupea harengus,coloconger japonicus,conger verreauxi,congriscus maldivensis,coryphaena hippurus,crossosalarias macrospilus,derichthys serpentinus,dissostichus eleginoides,ecsenius trilineatus,encheliophis gracilis,enchelycore schismatorhynchus,engraulis ringens,entomacrodus macrospilus,entomacrodus stellifer,epinephelus itajara,epinephelus lanceolatus,eptatretus cirrhatus,eptatretus mendozai,ethadophis akkistikos,ethadophis merenda,eviota sigillata,exocoetus volitans,facciolella karreri,forsterygion varium,gadus morhua,galaxias brevipinnis,gobiodon citrinus,gobiodon histrio,gorgasia maculata,gymnothorax javanicus,heteroconger klausewitzi,heteroconger taylori,hippocampus abdominalis,hippoglossus stenolepis,hoplostethus atlanticus,hoplunnis schmidti,hygophum proximum,hypleurochilus bananensis,hypsoblennius striatus,katsuwonus pelamis,kaupichthys brachychirus,lutjanus carponotatus,lutjanus sebae,meuschenia scaber,monopenchelys acuta,moringua edwardsi,naso vlamingii,nessorhamphus danae,notolabrus celidotus,omobranchus anolius,omobranchus fasciolatus,omobranchus rotundiceps,oncorhynchus nerka,ophichthus altipennis,ophichthus melanoporus,ostorhinchus doederleini,parablennius parvicornis,parablennius yatabei,parablennius zvonimiri,parapercis colias,parenchelyurus hepburni,parma microlepis,phycodurus eques,plectropomus leopardus,pomacentrus coelestis,praealticus dayi,rexea solandri,rhinomuraena quaesita,salarias ceramensis,salarias fasciatus,salarias sinuosus,saurenchelys fierasfer,saurenchelys meteori,scarus schlegeli,sebastes diploproa,serrivomer lanceolatoides,simenchelys parasitica,skythrenchelys zabra,spratelloides delicatulus,synaphobranchus affinis,synaphobranchus kaupii,synaphobranchus oregoni,thunnus maccoyii,uropterygius fuscoguttatus,uropterygius wheeleri,venefica tentaculata,xenomystax trucidans,xestochilus nebulosus
biomass removal,biomass removal vulnerability trait,vulnerable,vulnerable,vulnerable,vulnerable,vulnerable,vulnerable,vulnerable,vulnerable,vulnerable,vulnerable,vulnerable,vulnerable,vulnerable,vulnerable,vulnerable,vulnerable,vulnerable,vulnerable,vulnerable,vulnerable,vulnerable,vulnerable,vulnerable,vulnerable,vulnerable,vulnerable,vulnerable,vulnerable,vulnerable,vulnerable,vulnerable,vulnerable,vulnerable,vulnerable,vulnerable,vulnerable,vulnerable,vulnerable,vulnerable,vulnerable,vulnerable,vulnerable,vulnerable,vulnerable,vulnerable,vulnerable,vulnerable,vulnerable,vulnerable,vulnerable,vulnerable,vulnerable,vulnerable,vulnerable,vulnerable,vulnerable,vulnerable,vulnerable,vulnerable,vulnerable,vulnerable,vulnerable,vulnerable,vulnerable,vulnerable,vulnerable,vulnerable,vulnerable,vulnerable,vulnerable,vulnerable,vulnerable,vulnerable,vulnerable,vulnerable,vulnerable,vulnerable,vulnerable,vulnerable,vulnerable,vulnerable,vulnerable,vulnerable,vulnerable,vulnerable,vulnerable,vulnerable,vulnerable,vulnerable,vulnerable,vulnerable,vulnerable,vulnerable,vulnerable,vulnerable,vulnerable,vulnerable,vulnerable,vulnerable,vulnerable,vulnerable,vulnerable,vulnerable,vulnerable,vulnerable,vulnerable,vulnerable,vulnerable,vulnerable,vulnerable,vulnerable,vulnerable,vulnerable,vulnerable,vulnerable
biophysical traits,adult body mass/body size,50mm-999mm,50mm-999mm,50mm-999mm,50mm-999mm,>1000mm,50mm-999mm,50mm-999mm,50mm-999mm,50mm-999mm,50mm-999mm,50mm-999mm,>1000mm,>1000mm,50mm-999mm,50mm-999mm,50mm-999mm,50mm-999mm,50mm-999mm,50mm-999mm,50mm-999mm,50mm-999mm,50mm-999mm,50mm-999mm,>1000mm,50mm-999mm,50mm-999mm,50mm-999mm,50mm-999mm,50mm-999mm,>1000mm,50mm-999mm,>1000mm,50mm-999mm,50mm-999mm,50mm-999mm,0.5mm-49mm,50mm-999mm,>1000mm,50mm-999mm,0.5mm-49mm,50mm-999mm,>1000mm,50mm-999mm,50mm-999mm,50mm-999mm,50mm-999mm,50mm-999mm,0.5mm-49mm,50mm-999mm,50mm-999mm,50mm-999mm,>1000mm,50mm-999mm,50mm-999mm,0.5mm-49mm,50mm-999mm,>1000mm,50mm-999mm,50mm-999mm,0.5mm-49mm,>1000mm,50mm-999mm,50mm-999mm,>1000mm,50mm-999mm,50mm-999mm,>1000mm,50mm-999mm,50mm-999mm,50mm-999mm,50mm-999mm,50mm-999mm,50mm-999mm,50mm-999mm,50mm-999mm,50mm-999mm,50mm-999mm,50mm-999mm,50mm-999mm,50mm-999mm,>1000mm,50mm-999mm,50mm-999mm,50mm-999mm,50mm-999mm,50mm-999mm,50mm-999mm,0.5mm-49mm,50mm-999mm,0.5mm-49mm,>1000mm,50mm-999mm,50mm-999mm,>1000mm,>1000mm,50mm-999mm,50mm-999mm,50mm-999mm,50mm-999mm,50mm-999mm,50mm-999mm,50mm-999mm,50mm-999mm,50mm-999mm,50mm-999mm,50mm-999mm,>1000mm,>1000mm,>1000mm,>1000mm,50mm-999mm,50mm-999mm,50mm-999mm,50mm-999mm,50mm-999mm
biophysical traits,biomineral,aragonite,aragonite,aragonite,aragonite,aragonite,aragonite,aragonite,aragonite,aragonite,aragonite,aragonite,aragonite,aragonite,aragonite,aragonite,aragonite,aragonite,aragonite,aragonite,aragonite,aragonite,aragonite,aragonite,aragonite,aragonite,aragonite,aragonite,aragonite,aragonite,aragonite,aragonite,aragonite,aragonite,aragonite,aragonite,aragonite,aragonite,aragonite,aragonite,aragonite,aragonite,aragonite,aragonite,NA,NA,aragonite,aragonite,aragonite,aragonite,aragonite,aragonite,aragonite,aragonite,aragonite,aragonite,aragonite,aragonite,aragonite,aragonite,aragonite,aragonite,aragonite;calcite,aragonite,aragonite,aragonite,aragonite,aragonite,aragonite,aragonite,aragonite,aragonite,aragonite,aragonite,aragonite,aragonite,aragonite,aragonite,aragonite,aragonite,aragonite,aragonite,aragonite,aragonite,aragonite,aragonite,aragonite,aragonite,aragonite,aragonite,aragonite,aragonite,aragonite,aragonite,aragonite,aragonite,aragonite,aragonite,aragonite,aragonite,aragonite,aragonite,aragonite,aragonite,aragonite,aragonite,aragonite,aragonite,aragonite,aragonite,aragonite,aragonite,aragonite,aragonite,aragonite,aragonite
biophysical traits,calcium carbonate structure location,internal,internal,internal,internal,internal,internal,internal,internal,internal,internal,internal,internal,internal,internal,internal,internal,internal,internal,internal,internal,internal,internal,internal,internal,internal,internal,internal,internal,internal,internal,internal,internal,internal,internal,internal,internal,internal,internal,internal,internal,internal,internal,internal,none,none,internal,internal,internal,internal,internal,internal,internal,internal,internal,internal,internal,internal,internal,internal,internal,internal,internal,internal,internal,internal,internal,internal,internal,internal,internal,internal,internal,internal,internal,internal,internal,internal,internal,internal,internal,internal,internal,internal,internal,internal,internal,internal,internal,internal,internal,internal,internal,internal,internal,internal,internal,internal,internal,internal,internal,internal,internal,internal,internal,internal,internal,internal,internal,internal,internal,internal,internal,internal,internal,internal
biophysical traits,calcium carbonate structure stages,both,both,adult,both,both,adult,adult,adult,both,adult,adult,both,adult,both,adult,adult,both,both,both,both,both,both,both,both,adult,adult,adult,both,adult,adult,adult,both,adult,adult,both,adult,both,adult,both,adult,adult,both,both,none,none,adult,adult,both,both,adult,both,both,both,both,both,adult,both,adult,adult,both,both,both,adult,both,adult,adult,both,adult,both,both,both,adult,adult,both,adult,both,adult,adult,adult,both,adult,adult,both,adult,adult,adult,both,adult,both,both,both,both,adult,both,adult,adult,both,adult,adult,adult,both,both,adult,adult,adult,both,adult,adult,adult,both,adult,adult,adult,adult,adult
biophysical traits,communication requirement (sound),no,yes,no,no,no,no,no,no,yes,no,no,no,no,no,no,no,yes,no,yes,no,no,no,no,no,no,no,no,yes,no,no,no,no,no,no,no,no,yes,no,no,no,no,no,no,no,no,no,no,no,no,no,no,no,no,no,no,no,yes,no,no,no,no,no,no,no,no,no,no,no,yes,yes,yes,no,no,yes,no,yes,no,no,no,no,no,no,no,no,no,no,no,no,no,no,no,no,no,no,no,no,no,no,no,no,yes,yes,no,no,no,no,no,no,no,no,no,no,no,no,no
biophysical traits,extreme pressure wave sensitive structures,low,medium,none,low,low,none,none,none,medium,none,none,low,none,low,none,none,medium,low,medium,low,low,low,low,low,none,none,none,medium,none,none,none,low,none,none,low,none,medium,none,low,none,none,low,low,none,none,none,none,low,low,none,medium,low,low,low,low,none,medium,none,none,medium,low,low,none,low,none,none,low,none,medium,medium,medium,none,none,medium,none,medium,none,none,none,low,none,none,low,none,none,none,medium,none,low,medium,low,low,none,low,none,none,medium,none,none,none,medium,medium,none,none,none,medium,none,none,none,low,none,none,none,none,none
biophysical traits,flight,no,no,no,no,no,no,no,no,no,no,no,no,no,no,no,no,no,no,no,no,no,no,no,no,no,no,no,no,no,no,no,no,no,no,no,no,no,no,no,no,no,no,no,NA,NA,no,no,no,yes,no,no,no,no,no,no,no,no,no,no,no,no,no,no,no,no,no,no,no,no,no,no,no,no,no,no,no,no,no,no,no,no,no,no,no,no,no,no,no,no,no,no,no,no,no,no,no,no,no,no,no,no,no,no,no,no,no,no,no,no,no,no,no,no,no,no
biophysical traits,navigation requirements (light),NA,NA,NA,NA,NA,NA,NA,NA,NA,NA,NA,NA,NA,NA,NA,NA,NA,NA,yes,NA,NA,NA,NA,NA,NA,NA,NA,NA,NA,NA,NA,NA,NA,NA,NA,NA,NA,NA,NA,NA,NA,NA,NA,NA,NA,NA,NA,NA,NA,NA,NA,NA,yes,NA,NA,NA,NA,NA,NA,NA,NA,NA,NA,NA,NA,NA,NA,NA,NA,NA,NA,NA,NA,NA,NA,NA,NA,NA,NA,NA,NA,NA,yes,NA,NA,NA,NA,NA,NA,NA,NA,NA,NA,NA,NA,NA,NA,NA,NA,NA,yes,NA,NA,NA,NA,NA,NA,NA,NA,NA,NA,NA,NA,NA,NA
biophysical traits,navigation requirements (magnetic),NA,NA,NA,NA,NA,NA,NA,NA,NA,NA,NA,NA,NA,NA,NA,NA,NA,NA,NA,NA,NA,NA,NA,NA,NA,NA,NA,NA,NA,NA,NA,NA,NA,NA,NA,NA,NA,NA,NA,NA,NA,NA,NA,NA,NA,NA,NA,NA,NA,NA,NA,NA,NA,NA,NA,NA,NA,NA,NA,NA,NA,NA,NA,NA,NA,NA,NA,NA,NA,NA,NA,NA,NA,NA,NA,NA,NA,NA,NA,yes,NA,NA,yes,NA,NA,NA,NA,NA,NA,NA,NA,NA,NA,NA,NA,NA,NA,NA,NA,NA,NA,NA,NA,NA,NA,NA,NA,NA,NA,NA,NA,NA,NA,NA,NA
biophysical traits,navigation requirements (sound),NA,NA,NA,NA,NA,NA,NA,NA,NA,NA,NA,NA,NA,NA,NA,NA,NA,NA,NA,NA,NA,NA,NA,NA,NA,NA,NA,yes,NA,NA,NA,NA,NA,NA,NA,NA,NA,NA,NA,NA,NA,NA,NA,NA,NA,NA,NA,NA,NA,NA,NA,NA,NA,NA,NA,NA,NA,NA,NA,NA,NA,NA,NA,NA,NA,NA,yes,NA,NA,NA,NA,NA,NA,NA,NA,NA,NA,NA,NA,NA,NA,NA,yes,NA,NA,NA,NA,NA,NA,NA,yes,NA,NA,NA,NA,NA,NA,NA,NA,NA,NA,NA,NA,NA,NA,NA,NA,NA,NA,yes,NA,NA,NA,NA,NA
biophysical traits,respiration structures,gills,gills,gills,gills,gills,gills,gills,gills,gills,gills,gills,gills,gills,gills,gills,gills,gills,gills,gills,gills,gills,gills,gills,gills,gills,gills,gills,gills,gills,gills,gills,gills,gills,gills,gills,gills,gills,gills,gills,gills,gills,gills,gills,gills,gills,gills,gills,gills,gills,gills,gills,gills,gills,gills,gills,gills,gills,gills,gills,gills,gills,gills,gills,gills,gills,gills,gills,gills,gills,gills,gills,gills,gills,gills,gills,gills,gills,gills,gills,gills,gills,gills,gills,gills,gills,gills,gills,gills,gills,gills,gills,gills,gills,gills,gills,gills,gills,gills,gills,gills,gills,gills,gills,gills,gills,gills,gills,gills,gills,gills,gills,gills,gills,gills,gills
breeding/nesting range/number of spawning aggregations (fish),"if one/few, size",very small,no,NA,very small,few,NA,NA,NA,no,NA,NA,large,NA,very small,NA,NA,no,na,no,na,na,na,unknown,few,NA,NA,NA,very small,NA,NA,NA,na,NA,NA,unknown,NA,no,NA,large,NA,NA,small,na,NA,NA,NA,NA,very small,na,NA,very small,large,small,very small,very small,NA,na,NA,NA,na,large,large,NA,large,NA,NA,large,NA,small,small,no,NA,NA,no,NA,no,NA,NA,NA,small,NA,NA,very small,NA,NA,NA,na,NA,very small,na,medium,very small,NA,few,NA,NA,very small,NA,NA,NA,no,no,NA,NA,NA,very small,NA,NA,NA,large,NA,NA,NA,NA,NA
breeding/nesting range/number of spawning aggregations (fish),number of sites,does not aggregate,does not aggregate,does not aggregate,does not aggregate,one;few;many,many,does not aggregate,many,does not aggregate,does not aggregate,does not aggregate,few,does not aggregate,few,many,many,does not aggregate,does not aggregate,does not aggregate,does not aggregate,does not aggregate,does not aggregate,NA,one;few;many,many,many,many,many,many,does not aggregate,many,many,many,many,few,many,does not aggregate,many,one;few;many,many,many,one;few;many,does not aggregate,does not aggregate,does not aggregate,many,many,does not aggregate,many,many,does not aggregate,many,few,does not aggregate,does not aggregate,does not aggregate,does not aggregate,does not aggregate,does not aggregate,does not aggregate,few,few,many,few,many,many,few,many,many,many,does not aggregate,many,does not aggregate,does not aggregate,many,does not aggregate,many,many,many,few,many,many,does not aggregate,many,many,many,does not aggregate,many,does not aggregate,does not aggregate,one;few;many,many,many,one;few;many,many,many,does not aggregate,many,many,many,does not aggregate,does not aggregate,many,many,many,does not aggregate,many,many,many,few,many,many,many,does not aggregate,many
breeding/nesting range/number of spawning aggregations (fish),sub-population dependence on particular sites,no,no,NA,no,yes,NA,NA,NA,no,NA,NA,yes,NA,yes,NA,NA,no,unknown,no,no,no,no,unknown,unknown,NA,no,no,yes,NA,NA,NA,no,no,NA,yes,no,no,NA,yes,no,no,yes,unknown,no,no,NA,NA,no,no,NA,no,yes,yes,no,no,NA,no,NA,NA,no,yes,yes,NA,yes,no,no,yes,NA,no,no,no,NA,NA,no,NA,no,no,no,no,yes,NA,NA,no,no,no,no,no,no,no,no,yes,no,no,yes,NA,no,no,no,NA,NA,no,no,NA,NA,NA,no,NA,NA,NA,yes,NA,NA,NA,NA,NA
foraging range,"if one/few, size",medium,many,NA,very small,unknown,NA,NA,NA,many,NA,NA,large,NA,very small,NA,NA,many,very small,many,medium,medium,medium,unknown,unknown,NA,NA,NA,na,NA,NA,NA,large,NA,NA,unknown,NA,many,NA,unknown,NA,NA,yes,unknown,NA,NA,NA,NA,very small,large,NA,very small,large,large,very small,very small,NA,medium,NA,NA,na,large,large,NA,large,NA,NA,large,NA,medium,medium,many,NA,NA,many,NA,many,NA,NA,NA,large,NA,NA,medium,NA,NA,NA,na,NA,medium,na,yes,very small,NA,large,NA,NA,very small,NA,NA,NA,many,many,NA,NA,NA,very small,NA,NA,NA,large,NA,NA,NA,NA,NA
foraging range,"number of sites, incl. terrestrial wetlands",many,does not aggregate,NA,many,many,NA,NA,NA,does not aggregate,NA,NA,many,NA,one;few;many,NA,NA,few,NA,does not aggregate,many,many,many,NA,NA,NA,many,many,many,NA,NA,NA,many,many,NA,many,many,few,NA,many,many,many,NA,NA,many,many,NA,NA,few,many,NA,few,many,many,few,few,NA,many,NA,NA,does not aggregate,many,many,NA,many,many,many,many,NA,many,many,does not aggregate,NA,NA,does not aggregate,NA,does not aggregate,many,many,many,many,NA,NA,many,many,many,many,does not aggregate,many,many,does not aggregate,NA,many,many,few,NA,many,few,many,NA,NA,does not aggregate,does not aggregate,NA,NA,NA,few,NA,NA,NA,many,NA,NA,NA,NA,NA
foraging range,sub-population dependence on particular sites,no,no,NA,yes,unknown,NA,NA,NA,no,NA,NA,yes,NA,yes,NA,NA,no,yes,no,no,no,no,unknown,unknown,NA,no,no,yes,NA,NA,NA,yes,no,NA,yes,no,no,NA,unknown,no,no,NA,NA,no,no,NA,NA,no,yes,NA,no,yes,only for spawning,no,no,NA,no,NA,NA,no,yes,yes,NA,yes,no,no,yes,NA,no,no,no,NA,NA,no,NA,no,no,no,no,only for spawning,NA,NA,no,no,no,no,no,no,no,no,NA,no,no,yes,NA,no,no,no,NA,NA,no,no,NA,NA,NA,no,NA,NA,NA,yes,NA,NA,NA,NA,NA
movement,adult mobility,nearly sessile/sedentary,mobile resident,mobile resident,nearly sessile/sedentary,horizontal migrator,mobile resident,mobile resident,mobile resident,mobile resident,mobile resident,mobile resident,mobile resident,mobile resident,nearly sessile/sedentary,mobile resident,mobile resident,nearly sessile/sedentary,nearly sessile/sedentary,mobile resident,mobile resident,mobile resident,mobile resident,mobile resident,NA,mobile resident,mobile resident,mobile resident,vertical migrator;horizontal migrator,mobile resident,vertical migrator,mobile resident,nomadic,mobile resident,mobile resident,nomadic,mobile resident,nearly sessile/sedentary,mobile resident,mobile resident,mobile resident,mobile resident,mobile resident,mobile resident,mobile resident,mobile resident,mobile resident,mobile resident,nearly sessile/sedentary,nomadic,mobile resident,nearly sessile/sedentary,horizontal migrator,horizontal migrator,nearly sessile/sedentary,nearly sessile/sedentary,mobile resident,mobile resident,mobile resident,mobile resident,nearly sessile/sedentary,mobile resident,nearly sessile/sedentary,mobile resident,vertical migrator,mobile resident,mobile resident,horizontal migrator,mobile resident,mobile resident,horizontal migrator,mobile resident,mobile resident,mobile resident,mobile resident,mobile resident,mobile resident,mobile resident,mobile resident,mobile resident,horizontal migrator,mobile resident,vertical migrator,mobile resident,mobile resident,mobile resident,mobile resident,mobile resident,mobile resident,nearly sessile/sedentary,nearly sessile/sedentary,mobile resident,mobile resident,mobile resident,mobile resident,NA,mobile resident,nearly sessile/sedentary,mobile resident,mobile resident,mobile resident,mobile resident,mobile resident,vertical migrator,mobile resident,mobile resident,mobile resident,mobile resident,mobile resident,mobile resident,horizontal migrator,mobile resident,mobile resident,mobile resident,mobile resident,mobile resident
movement,planktonic larval duration (pld) exposure,<1month,<4months,>1yr,<1month,>1yr,>1yr,>1yr,>1yr,<4months,>1yr,>1yr,unknown,>1yr,not larvae,>1yr,>1yr,<4months,<4months,<4months,<4months,<4months,<4months,4months-1yr,<1month,>1yr,<4months,<4months,<4months,>1yr,>1yr,>1yr,<1month,<4months,>1yr,4months-1yr,<4months,<4months,>1yr,<4months,<4months,<4months,<4months,<4months,not larvae,not larvae,>1yr,>1yr,<1month,<1month,>1yr,<4months,<4months,4months-1yr,<1month,<1month,>1yr,<4months,>1yr,>1yr,not larvae,<4months,unknown,>1yr,unknown,<4months,<4months,<1month,>1yr,<1month,<1month,<4months,>1yr,>1yr,<4months,>1yr,<4months,<4months,<4months,<4months,<4months,>1yr,>1yr,<1month,<4months,<4months,<4months,<1month,<4months,<1month,not larvae,<4months,<1month,<4months,unknown,>1yr,<4months,<1month,<4months,>1yr,>1yr,<4months,<1month,>1yr,>1yr,>1yr,<1month,>1yr,>1yr,>1yr,<1month,>1yr,>1yr,>1yr,>1yr,>1yr
physiological tolerance breadths,dissolved oxygen,unknown,unknown,medium tolerance,low tolerance,high tolerance,medium tolerance,medium tolerance,medium tolerance,unknown,medium tolerance,medium tolerance,medium tolerance,medium tolerance,medium tolerance,medium tolerance,medium tolerance,unknown,low tolerance,unknown,unknown,unknown,unknown,low tolerance,low tolerance,medium tolerance,medium tolerance,medium tolerance,high tolerance,medium tolerance,medium tolerance,medium tolerance,low tolerance,medium tolerance,medium tolerance,low tolerance,medium tolerance,unknown,medium tolerance,high tolerance,medium tolerance,medium tolerance,high tolerance,high tolerance,high tolerance,high tolerance,medium tolerance,medium tolerance,unknown,low tolerance,medium tolerance,unknown,low tolerance,high tolerance,unknown,unknown,medium tolerance,unknown,medium tolerance,medium tolerance,unknown,low tolerance,low tolerance,medium tolerance,low tolerance,high tolerance,high tolerance,low tolerance,medium tolerance,unknown,medium tolerance,unknown,medium tolerance,medium tolerance,unknown,medium tolerance,unknown,high tolerance,medium tolerance,medium tolerance,medium tolerance,medium tolerance,medium tolerance,unknown,high tolerance,high tolerance,medium tolerance,unknown,high tolerance,unknown,unknown,low tolerance,unknown,high tolerance,unknown,medium tolerance,high tolerance,low tolerance,high tolerance,medium tolerance,medium tolerance,unknown,unknown,medium tolerance,medium tolerance,medium tolerance,medium tolerance,medium tolerance,medium tolerance,medium tolerance,low tolerance,medium tolerance,medium tolerance,medium tolerance,medium tolerance,medium tolerance
physiological tolerance breadths,ph,<7.4,<7.4,<7.4,7.8-8.2,<7.4,<7.4,<7.4,<7.4,<7.4,<7.4,<7.4,<7.4,<7.4,<7.4,<7.4,<7.4,<7.4,7.8-8.2,<7.4,<7.4,<7.4,<7.4,<7.4,<7.4,<7.4,<7.4,<7.4,<7.4,<7.4,<7.4,<7.4,<7.4,<7.4,<7.4,<7.4,<7.4,<7.4,<7.4,<7.4,<7.4,<7.4,<7.4,<7.4,<7.4,<7.4,<7.4,<7.4,<7.4,<7.4,<7.4,<7.4,<7.4,<7.4,<7.4,<7.4,<7.4,<7.4,<7.4,<7.4,<7.4,<7.4,<7.4,<7.4,<7.4,<7.4,<7.4,<7.4,<7.4,<7.4,<7.4,<7.4,<7.4,<7.4,<7.4,<7.4,<7.4,<7.4,<7.4,<7.4,<7.4,<7.4,<7.4,<7.4,<7.4,<7.4,<7.4,<7.4,<7.4,<7.4,<7.4,<7.4,<7.4,<7.4,<7.4,<7.4,<7.4,<7.4,<7.4,<7.4,<7.4,<7.4,<7.4,<7.4,<7.4,<7.4,<7.4,<7.4,<7.4,<7.4,<7.4,<7.4,<7.4,<7.4,<7.4,<7.4
physiological tolerance breadths,salinity,stenohaline,stenohaline,stenohaline,stenohaline,catadromous;sw-fw-sw,stenohaline,stenohaline,stenohaline,stenohaline,stenohaline,stenohaline,stenohaline,stenohaline,euryhaline,stenohaline,stenohaline,stenohaline,stenohaline,stenohaline,stenohaline,stenohaline,stenohaline,stenohaline,euryhaline,stenohaline,stenohaline,stenohaline,stenohaline,stenohaline,stenohaline,stenohaline,stenohaline,stenohaline,stenohaline,stenohaline,stenohaline,stenohaline,stenohaline,stenohaline,stenohaline,stenohaline,stenohaline,stenohaline,32-34parts per thousand,32-34parts per thousand,stenohaline,stenohaline,stenohaline,stenohaline,stenohaline,euryhaline,euryhaline,euryhaline,stenohaline,stenohaline,stenohaline,stenohaline,stenohaline,stenohaline,euryhaline,stenohaline,stenohaline,stenohaline,stenohaline,stenohaline,stenohaline,stenohaline,stenohaline,stenohaline,stenohaline,euryhaline-brackish,stenohaline,stenohaline,stenohaline,stenohaline,euryhaline-brackish,euryhaline,stenohaline,euryhaline,euryhaline,stenohaline,stenohaline,stenohaline,stenohaline,stenohaline,stenohaline,stenohaline,stenohaline,euryhaline,stenohaline,stenohaline,stenohaline,stenohaline,stenohaline,stenohaline,stenohaline,stenohaline,stenohaline,stenohaline,stenohaline,stenohaline,stenohaline,stenohaline,stenohaline,stenohaline,stenohaline,stenohaline,stenohaline,stenohaline,stenohaline,stenohaline,stenohaline,stenohaline,stenohaline,stenohaline
physiological tolerance breadths,sensitivity to wave energy (physical forcing),unknown,not sensitive,na,not sensitive,no,na,na,na,not sensitive,na,na,not sensitive,na,sensitive,na,na,not sensitive,not sensitive,not sensitive,not sensitive,not sensitive,not sensitive,unknown,unknown,na,not sensitive,not sensitive,unknown,na,na,na,sensitive,not sensitive,na,unknown,not sensitive,not sensitive,na,unknown,not sensitive,not sensitive,not sensitive,unknown,not sensitive,not sensitive,na,na,unknown,sensitive,na,unknown,not sensitive,sensitive,unknown,unknown,na,not sensitive,na,na,unknown,not sensitive,not sensitive,na,not sensitive,not sensitive,not sensitive,sensitive,na,not sensitive,not sensitive,not sensitive,na,na,not sensitive,na,not sensitive,not sensitive,not sensitive,not sensitive,sensitive,na,na,unknown,not sensitive,not sensitive,not sensitive,unknown,not sensitive,not sensitive,unknown,not sensitive,not sensitive,not sensitive,not sensitive,na,not sensitive,unknown,not sensitive,na,na,not sensitive,unknown,na,na,na,unknown,na,na,na,sensitive,na,na,na,na,na
physiological tolerance breadths,thermal - sensitivity to heat spikes/heat waves,no,no,unknown,yes,no,unknown,unknown,unknown,no,unknown,unknown,yes,unknown,unknown,unknown,unknown,no,yes,no,no,no,no,unknown,no,unknown,no,no,no,unknown,unknown,unknown,no,no,unknown,unknown,no,no,unknown,no,no,no,no,no,unknown,unknown,unknown,unknown,no,no,unknown,unknown,no,no,unknown,no,unknown,no,unknown,unknown,unknown,no,no,unknown,no,no,no,yes,unknown,no,no,no,unknown,unknown,no,unknown,no,no,no,no,no,unknown,unknown,no,no,no,no,no,no,no,unknown,no,no,no,unknown,unknown,no,unknown,no,unknown,unknown,no,unknown,unknown,unknown,unknown,no,unknown,unknown,unknown,no,unknown,unknown,unknown,unknown,unknown
physiological tolerance breadths,thermal - sensitivity to ocean warming - max temps tolerated,30c,30c,15c,30c,30c,25c,25c,25c,30c,20c,20c,5c,15c,NA,20c,30c,30c,30c,30c,30c,30c,30c,NA,30c,25c,30c,30c,15c,25c,25c,15c,30c,30c,15c,NA,30c,30c,30c,20c,30c,30c,30c,30c,25c,25c,25c,25c,30c,30c,15c,20c,15c,NA,NA,30c,30c,30c,25c,30c,NA,15c,10c,20c,5c,30c,30c,30c,30c,30c,30c,25c,30c,30c,30c,15c,25c,30c,30c,30c,15c,30c,20c,30c,30c,30c,30c,20c,30c,25c,NA,30c,30c,30c,15c,30c,30c,NA,30c,15c,15c,30c,15c,10c,10c,30c,30c,10c,10c,10c,30c,30c,25c,10c,15c,30c
r (reproductive traits),age to 1st reproduction/generation time,<1yr,>20yrs,<1yr,<1yr,10-20yrs,1-5yrs,<1yr,1-5yrs,1-5yrs,<1yr,<1yr,unknown,<1yr,1-5yrs,<1yr,1-5yrs,1-5yrs,1-5yrs,1-5yrs,1-5yrs,1-5yrs,1-5yrs,5-10yrs,NA,<1yr,<1yr,<1yr,1-5yrs;5-10yrs,NA,<1yr,1-5yrs,<1yr,<1yr,<1yr,5-10yrs,<1yr,1-5yrs,1-5yrs,<1yr,<1yr,<1yr,5-10yrs,5-10yrs,5-10yrs,5-10yrs,1-5yrs,1-5yrs,<1yr,1-5yrs,1-5yrs,<1yr,1-5yrs,1-5yrs,<1yr,<1yr,<1yr,1-5yrs,<1yr,<1yr,<1yr,1-5yrs,10-20yrs,1-5yrs,unknown,<1yr,<1yr,1-5yrs,<1yr,1-5yrs,1-5yrs,1-5yrs,1-5yrs,<1yr,>20yrs,<1yr,1-5yrs,<1yr,<1yr,<1yr,10-20yrs,1-5yrs,1-5yrs,<1yr,<1yr,<1yr,<1yr,1-5yrs,<1yr,1-5yrs,<1yr,1-5yrs,<1yr,<1yr,1-5yrs,1-5yrs,<1yr,<1yr,<1yr,<1yr,<1yr,1-5yrs,1-5yrs,1-5yrs,1-5yrs,<1yr,<1yr,1-5yrs,1-5yrs,1-5yrs,1-5yrs,1-5yrs,1-5yrs,<1yr,<1yr,1-5yrs
r (reproductive traits),are there sub-populations?,yes,yes,unknown,yes,yes;by river,unknown,unknown,unknown,yes,unknown,unknown,unknown,unknown,no,unknown,unknown,yes,yes,yes,yes,yes,yes,yes,yes,unknown,no,no,yes,unknown,unknown,unknown,no,no,unknown,yes,no,yes,unknown,yes,no,no,yes,yes,NA,NA,unknown,unknown,yes,no,unknown,yes,no,no,yes,yes,unknown,yes,unknown,unknown,yes,no,no,unknown,unknown,no,no,no,unknown,yes,yes,yes,unknown,unknown,yes,unknown,yes,no,no,no,no,unknown,unknown,NA,no,no,no,yes,no,yes,yes,yes,yes,no,yes,unknown,no,yes,no,unknown,unknown,yes,yes,unknown,unknown,unknown,yes,unknown,unknown,unknown,no,unknown,unknown,unknown,unknown,unknown
r (reproductive traits),can the sex ratio be altered by temperature?,unknown,unknown,no,yes-if female dies a male takes over and becomes female,unknown,no,no,no,unknown,no,no,unknown,no,unknown,no,no,unknown,no,unknown,unknown,unknown,unknown,unknown,unknown,no,no,no,unknown,no,no,no,unknown,no,no,unknown,no,unknown,no,unknown,no,no,unknown,unknown,probably,probably,no,no,unknown,unknown,no,unknown,unknown,unknown,unknown,unknown,no,unknown,no,no,unknown,unknown,unknown,no,unknown,no,no,unknown,no,unknown,unknown,unknown,no,no,unknown,no,unknown,no,no,no,unknown,no,no,NA,no,no,no,unknown,no,unknown,unknown,unknown,unknown,no,unknown,no,no,unknown,no,no,no,unknown,unknown,no,no,no,unknown,no,no,no,unknown,no,no,no,no,no
r (reproductive traits),fecundity,100-1000,1000-10000,>10000,>10000,>10000,>10000,>10000,>10000,1000-10000,>10000,>10000,>10000,>10000,100-1000,>10000,>10000,1000-10000,>10000,1000-10000,1000-10000,1000-10000,1000-10000,>10000,>10000,>10000,100-1000,100-1000,>10000,>10000,>10000,>10000,>10000,100-1000,>10000,>10000,100-1000,1000-10000,>10000,100-1000,100-1000,100-1000,>10000,>10000,20-50,20-50,>10000,>10000,100-1000,>10000,>10000,100-1000,>10000,100-1000,100-1000,100-1000,>10000,>10000,>10000,>10000,100-1000,>10000,>10000,>10000,NA,100-1000,100-1000,>10000,>10000,>10000,>10000,>10000,>10000,>10000,1000-10000,>10000,1000-10000,100-1000,100-1000,100-1000,>10000,>10000,>10000,100-1000,100-1000,100-1000,100-1000,1000-10000,100-1000,>10000,100-1000,>10000,>10000,100-1000,>10000,>10000,100-1000,100-1000,100-1000,>10000,>10000,1000-10000,1000-10000,>10000,1000-10000,>10000,100-1000,1000-10000,1000-10000,1000-10000,>10000,>10000,>10000,>10000,>10000,>10000
r (reproductive traits),feeding larva (post-hatching metamorphosis),feeding non-calcifier,feeding non-calcifier,feeding non-calcifier,feeding non-calcifier,feeding non-calcifier,feeding non-calcifier,feeding non-calcifier,feeding non-calcifier,feeding non-calcifier,feeding non-calcifier,feeding non-calcifier,feeding non-calcifier,feeding non-calcifier,no larva,feeding non-calcifier,feeding non-calcifier,feeding non-calcifier,feeding non-calcifier,feeding non-calcifier,feeding non-calcifier,feeding non-calcifier,feeding non-calcifier,feeding non-calcifier,feeding non-calcifier,feeding non-calcifier,feeding non-calcifier,feeding non-calcifier,feeding non-calcifier,feeding non-calcifier,feeding non-calcifier,feeding non-calcifier,feeding non-calcifier,feeding non-calcifier,feeding non-calcifier,feeding non-calcifier,feeding non-calcifier,feeding non-calcifier,feeding non-calcifier,feeding non-calcifier,feeding non-calcifier,feeding non-calcifier,feeding non-calcifier,feeding non-calcifier,na,na,feeding non-calcifier,feeding non-calcifier,feeding non-calcifier,feeding non-calcifier,feeding non-calcifier,na,feeding non-calcifier,feeding non-calcifier,feeding non-calcifier,feeding non-calcifier,feeding non-calcifier,feeding non-calcifier,feeding non-calcifier,feeding non-calcifier,na,feeding non-calcifier,feeding non-calcifier,feeding non-calcifier,feeding non-calcifier,feeding non-calcifier,feeding non-calcifier,feeding non-calcifier,feeding non-calcifier,feeding non-calcifier,feeding non-calcifier,feeding non-calcifier,feeding non-calcifier,feeding non-calcifier,feeding non-calcifier,feeding non-calcifier,feeding non-calcifier,feeding non-calcifier,feeding non-calcifier,feeding non-calcifier,feeding non-calcifier,feeding non-calcifier,feeding non-calcifier,feeding non-calcifier,feeding non-calcifier,feeding non-calcifier,feeding non-calcifier,feeding non-calcifier,feeding non-calcifier,feeding non-calcifier,na,feeding non-calcifier,feeding non-calcifier,feeding non-calcifier,feeding non-calcifier,feeding non-calcifier,feeding non-calcifier,na,feeding non-calcifier,feeding non-calcifier,feeding non-calcifier,feeding non-calcifier,feeding non-calcifier,feeding non-calcifier,feeding non-calcifier,feeding non-calcifier,feeding non-calcifier,feeding non-calcifier,feeding non-calcifier,feeding non-calcifier,feeding non-calcifier,feeding non-calcifier,feeding non-calcifier,feeding non-calcifier,feeding non-calcifier,feeding non-calcifier
r (reproductive traits),global population size,>1m,>1m,NA,100k-1m;>1m,>1m,NA,NA,NA,>1m,NA,NA,>1m,NA,<1000;1k-10k,NA,NA,>1m,100k-1m;>1m,>1m,>1m,>1m,>1m,100k-1m,>1m,NA,10k-100k,>1m,>1m,NA,NA,NA,>1m,>1m,NA,100k-1m,100k-1m,>1m,NA,>1m,10k-100k,100k-1m,>1m,>1m,>1m,10k-100k,NA,NA,>1m,>1m,NA,>1m,>1m,>1m,>1m,>1m,NA,>1m,NA,NA,>1m,>1m,>1m,NA,>1m,10k-100k,100k-1m,>1m,NA,>1m,>1m,>1m,NA,NA,>1m,NA,>1m,100k-1m,NA,NA,>1m,NA,NA,>1m,NA,NA,NA,>1m,NA,>1m,100k-1m,>1m,>1m,NA,>1m,NA,NA,>1m,NA,NA,NA,>1m,>1m,NA,NA,NA,>1m,NA,NA,NA,>1m,NA,NA,NA,NA,NA
r (reproductive traits),lifetime # reproductive opportunities,11-25,26-50,11-25,>100,1,11-25,11-25,11-25,11-25;26-50,11-25,11-25,unknown,11-25,26-50,11-25,11-25,11-25,>100,51-100,>100,>100,>100,51-100,11-25,11-25,26-50,26-50,51-100,NA,11-25,11-25,51-100,26-50,11-25,51-100,26-50,11-25,11-25,2-10;11-25,26-50,26-50,26-50,26-50,11-25;26-50,11-25;26-50,11-25,11-25,2-10,51-100,11-25,11-25,26-50;51-100,2-10,2-10,2-10,11-25,>100,11-25,11-25,11-25,26-50;51-100,26-50;51-100,11-25,unknown,26-50,26-50,11-25,11-25,26-50,26-50,51-100,11-25,11-25,26-50,11-25,26-50,26-50,26-50,26-50,2-10,11-25,11-25,2-10,26-50,26-50,26-50,>100,26-50,26-50,11-25,26-50,26-50,26-50,11-25,11-25,26-50,11-25,26-50,11-25,11-25,26-50,51-100,11-25,11-25,11-25,11-25,11-25,11-25,11-25,11-25,11-25,11-25,11-25,11-25,11-25
r (reproductive traits),max age,10-20yrs,10-20yrs,1-5yrs,3months-1yr,20-100yrs,10-20yrs,5-10yrs,10-20yrs,10-20yrs,5-10yrs,5-10yrs,unknown,5-10yrs,1-5yrs,10-20yrs,10-20yrs,1-5yrs;5-10yrs,20-100yrs,20-100yrs,10-20yrs,10-20yrs,10-20yrs,10-20yrs,10-20yrs,1-5yrs,1-5yrs,1-5yrs,20-100yrs,NA,5-10yrs,5-10yrs,1-5yrs,1-5yrs,1-5yrs,10-20yrs,1-5yrs,1-5yrs;5-10yrs,10-20yrs,1-5yrs,1-5yrs,1-5yrs,20-100yrs,20-100yrs,20-100yrs,20-100yrs,10-20yrs,10-20yrs,<3months,10-20yrs,10-20yrs,1-5yrs,20-100yrs,1-5yrs,1-5yrs,1-5yrs,5-10yrs,10-20yrs,5-10yrs,5-10yrs,1-5yrs,20-100yrs,>100yrs,10-20yrs,unknown,1-5yrs,1-5yrs,10-20yrs,1-5yrs,10-20yrs,20-100yrs,10-20yrs,10-20yrs,1-5yrs,20-100yrs,1-5yrs,5-10yrs,1-5yrs,1-5yrs,1-5yrs,5-10yrs,10-20yrs,10-20yrs,1-5yrs,1-5yrs,1-5yrs,1-5yrs,10-20yrs,1-5yrs,20-100yrs,1-5yrs,10-20yrs;20-100yrs,1-5yrs,1-5yrs,10-20yrs,10-20yrs,1-5yrs,1-5yrs,1-5yrs,1-5yrs,1-5yrs,5-10yrs,20-100yrs,10-20yrs,10-20yrs,10-20yrs,3months-1yr,10-20yrs,10-20yrs,10-20yrs,10-20yrs,10-20yrs,10-20yrs,1-5yrs,5-10yrs,10-20yrs
r (reproductive traits),parental investment,live birth/egg care,spawner,egg-layer unattended,live birth/egg care,spawner,egg-layer unattended,egg-layer unattended,egg-layer unattended,live birth/egg care,egg-layer unattended,egg-layer unattended,spawner,egg-layer unattended,live birth/egg care,egg-layer unattended,egg-layer unattended,spawner,spawner,spawner,spawner,spawner,spawner,spawner,spawner,egg-layer unattended,live birth/egg care,live birth/egg care,egg-layer unattended,egg-layer unattended,egg-layer unattended,egg-layer unattended,spawner,live birth/egg care,egg-layer unattended,spawner,live birth/egg care,spawner,egg-layer unattended,spawner,live birth/egg care,live birth/egg care,spawner,spawner,egg-layer unattended,egg-layer unattended,egg-layer unattended,egg-layer unattended,live birth/egg care,egg-layer,egg-layer unattended,live birth/egg care,spawner,egg-layer unattended,live birth/egg care,live birth/egg care,egg-layer unattended,spawner,egg-layer unattended,egg-layer unattended,live birth/egg care,spawner,spawner,egg-layer unattended,spawner,live birth/egg care,live birth/egg care,spawner,egg-layer unattended,spawner,spawner,egg-layer unattended,egg-layer unattended,egg-layer unattended,spawner,egg-layer unattended,spawner,live birth/egg care,live birth/egg care,live birth/egg care,egg-layer unattended,egg-layer unattended,egg-layer unattended,live birth/egg care,live birth/egg care,live birth/egg care,live birth/egg care,spawner,live birth/egg care,live birth/egg care,live birth/egg care,spawner,live birth/egg care,live birth/egg care,spawner,egg-layer unattended,live birth/egg care,live birth/egg care,live birth/egg care,egg-layer unattended,egg-layer unattended,spawner,live birth/egg care,egg-layer unattended,egg-layer unattended,egg-layer unattended,egg-layer unattended,egg-layer unattended,egg-layer unattended,egg-layer unattended,spawner,egg-layer unattended,egg-layer unattended,egg-layer unattended,egg-layer unattended,egg-layer unattended
r (reproductive traits),post-birth/hatching maternal dependence,week to two months,nil,na,na,na,na,na,na,nil,na,na,na,na,week-month,na,na,na,na,nil,na,na,na,nil,nil,na,na,na,na,na,na,na,na,na,na,nil,na,na,na,nil,na,na,na,na,na,na,na,na,na,na,na,na,na,na,na,na,na,na,na,na,na,na,na,na,na,na,na,na,na,na,na,nil,na,na,nil,na,nil,na,na,na,na,na,na,na,na,na,na,nil,na,na,na,na,na,na,na,na,na,na,na,na,na,nil,nil,na,na,na,na,na,na,na,na,na,na,na,na,na
r (reproductive traits),reproductive strategy,sexual dioecious,sexual dioecious,sexual dioecious;sexual hermaphrodite,sexual dioecious,sexual dioecious,sexual dioecious;sexual hermaphrodite,sexual dioecious;sexual hermaphrodite,sexual dioecious;sexual hermaphrodite,sexual dioecious,sexual dioecious;sexual hermaphrodite,sexual dioecious;sexual hermaphrodite,sexual hermaphrodite,sexual dioecious;sexual hermaphrodite,sexual dioecious,sexual dioecious;sexual hermaphrodite,sexual dioecious;sexual hermaphrodite,sexual dioecious,sexual hermaphrodite,sexual hermaphrodite,sexual dioecious,sexual dioecious,sexual dioecious,sexual dioecious,sexual dioecious,sexual dioecious;sexual hermaphrodite,sexual dioecious,sexual dioecious,sexual dioecious,sexual dioecious;sexual hermaphrodite,sexual dioecious;sexual hermaphrodite,sexual dioecious;sexual hermaphrodite,sexual dioecious,sexual dioecious,sexual dioecious;sexual hermaphrodite,sexual dioecious,sexual dioecious,sexual dioecious,sexual dioecious;sexual hermaphrodite,sexual dioecious,sexual dioecious,sexual dioecious,sexual hermaphrodite,sexual hermaphrodite,sexual hermaphrodite,sexual hermaphrodite,sexual dioecious;sexual hermaphrodite,sexual dioecious;sexual hermaphrodite,sexual hermaphrodite,sexual dioecious,sexual dioecious;sexual hermaphrodite,sexual dioecious,sexual dioecious,sexual dioecious,sexual hermaphrodite,sexual hermaphrodite,sexual dioecious;sexual hermaphrodite,sexual dioecious,sexual dioecious;sexual hermaphrodite,sexual dioecious;sexual hermaphrodite,sexual dioecious,sexual dioecious,sexual dioecious,sexual dioecious;sexual hermaphrodite,sexual dioecious,sexual dioecious,sexual dioecious,sexual dioecious,sexual dioecious;sexual hermaphrodite,sexual dioecious,sexual dioecious,sexual dioecious,sexual dioecious;sexual hermaphrodite,sexual dioecious;sexual hermaphrodite,sexual dioecious,sexual dioecious;sexual hermaphrodite,sexual hermaphrodite,sexual dioecious,sexual dioecious,sexual dioecious,sexual dioecious,sexual dioecious;sexual hermaphrodite,sexual dioecious;sexual hermaphrodite,sexual dioecious,sexual dioecious,sexual dioecious,sexual dioecious,sexual hermaphrodite,sexual dioecious,sexual dioecious,sexual dioecious,sexual hermaphrodite,sexual dioecious,sexual dioecious,sexual hermaphrodite,sexual hermaphrodite,sexual dioecious,sexual dioecious,sexual dioecious,sexual dioecious;sexual hermaphrodite,sexual dioecious;sexual hermaphrodite,sexual hermaphrodite,sexual dioecious,sexual dioecious;sexual hermaphrodite,sexual dioecious;sexual hermaphrodite,sexual dioecious;sexual hermaphrodite,sexual dioecious,sexual dioecious;sexual hermaphrodite,sexual dioecious;sexual hermaphrodite,sexual dioecious;sexual hermaphrodite,sexual dioecious,sexual dioecious;sexual hermaphrodite,sexual dioecious;sexual hermaphrodite,sexual dioecious;sexual hermaphrodite,sexual dioecious;sexual hermaphrodite,sexual dioecious;sexual hermaphrodite
spatial scale of species,depth (min/max),epipelagic,epipelagic,mesopelagic;bathypelagic,epipelagic,epipelagic;mesopelagic;bathypelagic;abyssopelagic,epipelagic;mesopelagic,mesopelagic;bathypelagic,epipelagic;mesopelagic,epipelagic,mesopelagic,mesopelagic,mesopelagic;bathypelagic;abyssopelagic,epipelagic;mesopelagic;bathypelagic,epipelagic,epipelagic,epipelagic,epipelagic;mesopelagic,epipelagic,epipelagic,epipelagic,epipelagic,epipelagic,epipelagic;mesopelagic,epipelagic,epipelagic,epipelagic,epipelagic,epipelagic,mesopelagic,epipelagic;mesopelagic,mesopelagic,epipelagic,epipelagic,epipelagic;mesopelagic;bathypelagic,epipelagic;mesopelagic;bathypelagic;abyssopelagic,epipelagic,epipelagic,epipelagic,epipelagic,epipelagic,epipelagic,epipelagic,epipelagic,mesopelagic,mesopelagic,epipelagic,epipelagic,epipelagic,epipelagic;air,mesopelagic;bathypelagic,epipelagic,epipelagic;mesopelagic,epipelagic,epipelagic,epipelagic,epipelagic,epipelagic,epipelagic,epipelagic,epipelagic,epipelagic;mesopelagic;bathypelagic,epipelagic;mesopelagic;bathypelagic,epipelagic,epipelagic;mesopelagic;bathypelagic,epipelagic,epipelagic,epipelagic;mesopelagic,epipelagic,epipelagic,epipelagic,epipelagic,epipelagic,epipelagic,epipelagic,bathypelagic,epipelagic,epipelagic,epipelagic,epipelagic,epipelagic;mesopelagic,epipelagic,mesopelagic,epipelagic,epipelagic,epipelagic,epipelagic,epipelagic,epipelagic,epipelagic,epipelagic,epipelagic,epipelagic,epipelagic,epipelagic;mesopelagic;bathypelagic,epipelagic,epipelagic,epipelagic,epipelagic,epipelagic,mesopelagic,epipelagic,epipelagic;mesopelagic;bathypelagic,bathypelagic,bathypelagic,epipelagic,epipelagic,bathypelagic,abyssopelagic,bathypelagic,epipelagic;mesopelagic;bathypelagic;abyssopelagic,epipelagic,epipelagic,mesopelagic,bathypelagic,epipelagic
spatial scale of species,eoo (range),>20000,>20000,>20000,100-4999,>20000,>20000,>20000,>20000,>20000,>20000,>20000,>20000,>20000,<99,>20000,>20000,>20000,100-4999,5000-19999,>20000,>20000,>20000,>20000,>20000,>20000,>20000,>20000,>20000,>20000,>20000,>20000,>20000,>20000,>20000,>20000,>20000,>20000,>20000,>20000,>20000,>20000,>20000,>20000,>20000,>20000,>20000,>20000,>20000,>20000,>20000,>20000,>20000,5000-19999,>20000,>20000,>20000,>20000,>20000,>20000,>20000,>20000,>20000,>20000,>20000,>20000,>20000,>20000,>20000,>20000,>20000,>20000,>20000,>20000,>20000,>20000,>20000,>20000,>20000,>20000,>20000,>20000,>20000,>20000,>20000,>20000,>20000,5000-19999,>20000,100-4999,5000-19999,>20000,>20000,>20000,>20000,>20000,>20000,>20000,>20000,>20000,>20000,>20000,>20000,>20000,>20000,>20000,>20000,>20000,>20000,>20000,>20000,>20000,>20000,>20000,>20000,>20000
spatial scale of species,zone,benthic;demersal,demersal;benthic,benthic,demersal,neritic;oceanic,neritic;demersal,benthic,neritic;demersal,benthic;neritic,benthic,benthic,benthic,benthic,neritic,neritic;demersal,neritic;demersal,demersal;benthic,demersal,demersal;benthic,demersal;benthic,demersal;benthic,demersal;benthic,benthic,neritic;oceanic,neritic;demersal,intertidal;benthic,intertidal;benthic,neritic;oceanic,demersal,neritic;benthic,demersal,neritic;oceanic,intertidal;benthic,demersal,benthic,intertidal;benthic,demersal;benthic,neritic;demersal,neritic;oceanic,intertidal;benthic,intertidal;benthic,demersal;benthic,neritic;oceanic;benthic,benthic,benthic,neritic;demersal,neritic;demersal,benthic,neritic;oceanic,demersal,benthic,benthic;neritic;oceanic,benthic,benthic,benthic,neritic;benthic,demersal;benthic,neritic;benthic,neritic;benthic,benthic;neritic,benthic,benthic,neritic;demersal,neritic;oceanic,intertidal;benthic,intertidal;benthic,neritic;oceanic,neritic;demersal,demersal;benthic,demersal;benthic,demersal;benthic,neritic;demersal,neritic;demersal,demersal;benthic,demersal,demersal;benthic,intertidal;benthic,intertidal;benthic,intertidal;benthic,neritic;oceanic,neritic;demersal,demersal,benthic,intertidal;benthic,intertidal;benthic,intertidal;benthic,benthic;neritic,intertidal;benthic,benthic;demersal,benthic;neritic,demersal;benthic,demersal,intertidal;benthic,neritic;oceanic;benthic,neritic;demersal,intertidal;benthic,benthic,intertidal;benthic,neritic;demersal,demersal,demersal;benthic,demersal,benthic,benthic,demersal,neritic,benthic,benthic,benthic,neritic;oceanic,neritic;demersal,neritic;demersal,demersal,neritic;benthic,demersal
specialisation,across-stage dependent habitats + condition,coral reef,rocky reef;coral reef,soft slope,coral reef;anemone,catadromous;sw;fw,subtidal soft bottom;soft shelf;soft slope,soft shelf;soft slope,subtidal soft bottom;soft shelf;soft slope,coral reef;subtidal soft bottom,soft slope,soft slope,deep water,soft slope,estuary;restricted,subtidal soft bottom,subtidal soft bottom,sea cucumber;reef,coral reef;live coral caves,coral reef,coral reef,coral reef,coral reef,deep,fw to marine,soft shelf,subtidal hard bottom;rocky reef,rocky intertidal;subtidal hard bottom;rocky reef,brackish to oceanic,soft slope,hard shelf;hard slope;rocky reef,deep water;soft slope,surface water,subtidal hard bottom;rocky reef,deep water;soft slope,deep,subtidal hard bottom;rocky reef,sea cucumber;starfish;reef,subtidal hard bottom;rocky reef,pelagic,rocky intertidal;subtidal hard bottom,rocky intertidal;subtidal hard bottom;rocky reef,coral reef;live coral caves,coral reef;live coral caves,hard shelf;soft shelf;hard slope;soft slope,soft slope,subtidal soft bottom,unknown,coral reef,surface water,soft slope,rocky reef,deep habitats,adults fw,coral reef,coral reef,subtidal soft bottom,coral reef,subtidal soft bottom,subtidal soft bottom,rocky reef;shallow habitats;seagrass,deep water,deep sea mount,soft slope,deep water,rocky intertidal;rocky reef,rocky intertidal;rocky reef,surface water,subtidal soft bottom;coral reef;rocky reef,coral reef,subtidal soft bottom;coral reef,rocky reef,subtidal hard bottom;rocky reef;coral reef,subtidal soft bottom,coral reef,deep water;soft slope,rocky reef,intertidal mud,rocky intertidal;rocky reef;coral reef,rocky intertidal;subtidal hard bottom;rocky reef,fw;ocean,subtidal soft bottom,soft slope,coral reef;live coral caves,rocky intertidal;rocky reef,rocky intertidal;rocky reef,rocky intertidal;subtidal hard bottom;rocky reef,rocky reef,rocky intertidal;rocky reef;coral reef,rocky reef;barrens habitat,rocky reef,coral reef;live coral caves,coral reef;rubble,rocky intertidal;rocky reef,deep water,subtidal soft bottom,kelp forest;subtidal hard bottom,coral reef;shallow water,rocky intertidal;subtidal hard bottom;rocky reef;coral reef,soft slope,soft slope,coral reef,rocky reef,soft slope,soft slope;hard slope,subtidal soft bottom;soft shelf,coral reef;shallow water,hard slope,deep soft bottom,soft slope;hard slope,surface water,subtidal soft bottom,subtidal soft bottom;subtidal hard bottom;rocky reef,soft slope,soft slope,subtidal soft bottom
specialisation,air-sea interface,no,no,no,yes,yes,no,no,no,no,no,no,no,no,no,no,no,no,yes,no,no,no,no,no,no,no,NA,NA,no,no,no,no,no,NA,no,no,NA,no,no,no,NA,NA,no,no,no,no,no,no,no,yes,no,no,no,NA,no,no,no,no,no,no,no,no,no,no,no,NA,NA,no,no,no,no,no,no,no,no,no,no,NA,NA,NA,no,no,no,no,NA,NA,NA,no,NA,no,no,no,no,NA,no,no,NA,no,NA,no,no,no,no,no,no,no,no,no,no,no,no,no,no,no,no,no
specialisation,dependent interspecific interactions,no,no,no,no,no,no,no,no,no,no,no,no,no,no,no,no,yes-sea cucumbers,no,no,no,no,no,no,no,no,no,no,no,no,no,no,no,no,no,no,no,yes-sea cucumbers;starfish,no,no,no,no,no,no,no,no,no,no,no,no,no,no,no,no,no,no,no,no,no,no,no,no,no,no,no,no,no,no,no,no,no,no,no,no,no,no,no,no,no,no,no,no,no,no,no,no,no,no,no,no,no,no,no,no,no,no,no,no,no,no,no,no,no,no,no,no,no,no,no,no,no,no,no,no,no,no
specialisation,extreme diet specialization,generalist,generalist,generalist,specialist,generalist,generalist,generalist,generalist,generalist,generalist,generalist,generalist,generalist,generalist,generalist,generalist,generalist,specialist,generalist,generalist,specialist,specialist,generalist,generalist,generalist,generalist,generalist,generalist,generalist,generalist,generalist,generalist,generalist,generalist,generalist,generalist,specialist-gonads and respiotatory tree of host,generalist,generalist;but 98diatoms,generalist,generalist,generalist,generalist,generalist,generalist,generalist,generalist,generalist,generalist,generalist,generalist,generalist,generalist,generalist,generalist,generalist,generalist,generalist,generalist,generalist,generalist,generalist,generalist,generalist,generalist,generalist,generalist,generalist,generalist,generalist,generalist,generalist,generalist,generalist,generalist,generalist,generalist,generalist,generalist,generalist,generalist,generalist,generalist,specialist,specialist,specialist,generalist,generalist,generalist,generalist,generalist,generalist-planktivore,generalist,generalist,generalist,specialist,generalist,specialist,generalist,generalist,generalist,generalist,generalist,generalist,generalist,generalist,generalist,generalist,generalist,generalist,generalist,generalist,generalist,generalist,generalist
specialisation,habitat forming,no,no,no,no,no,no,no,no,no,no,no,no,no,no,no,no,no,no,no,no,no,no,no,no,no,no,no,no,no,no,no,no,no,no,no,no,no,no,no,no,no,no,no,no,no,no,no,no,no,no,no,no,no,no,no,no,no,no,no,no,no,no,no,no,no,no,no,no,no,no,no,no,no,no,no,no,no,no,no,no,no,no,no,no,no,no,no,no,no,no,no,no,no,no,no,no,no,no,no,no,no,no,no,no,no,no,no,no,no,no,no,no,no,no,no
specialisation,photosynthetic,no,no,no,no,no,no,no,no,no,no,no,no,no,no,no,no,no,no,no,no,no,no,no,no,no,no,no,no,no,no,no,no,no,no,no,no,no,no,no,no,no,no,no,no,no,no,no,no,no,no,no,no,no,no,no,no,no,no,no,no,no,no,no,no,no,no,no,no,no,no,no,no,no,no,no,no,no,no,no,no,no,no,no,no,no,no,no,no,no,no,no,no,no,no,no,no,no,no,no,no,no,no,no,no,no,no,no,no,no,no,no,no,no,no,no
specialisation,terrestrial and marine life stages,no,no,no,no,fw;sw,no,no,no,no,no,no,no,no,no,no,no,no,no,no,no,no,no,no,no,no,no,no,no,no,no,no,no,no,no,no,no,no,no,no,no,no,no,no,no,no,no,no,no,no,no,no,no,no,no,no,no,no,no,no,no,no,no,no,no,no,no,no,no,no,no,no,no,no,no,no,no,no,no,no,no,no,no,no,no,no,no,no,no,no,no,no,no,no,no,no,no,no,no,no,no,no,no,no,no,no,no,no,no,no,no,no,no,no,no,no
specialisation,within-stage dependent habitats + condition,coral reef,rocky reef;coral reef,soft slope,coral reef;anemone,catadromous;sw;fw,subtidal soft bottom;soft shelf;soft slope,soft shelf;soft slope,subtidal soft bottom;soft shelf;soft slope,coral reef;subtidal soft bottom,soft slope,soft slope,unknown,soft slope,estuary;restricted,subtidal soft bottom,subtidal soft bottom,sea cucumber;reef,coral reef;live coral caves,coral reef,coral reef,coral reef,coral reef,unknown,fw to marine,soft shelf,subtidal hard bottom;rocky reef,rocky intertidal;subtidal hard bottom;rocky reef,brackish to oceanic,soft slope,hard shelf;hard slope;rocky reef,deep water;soft slope,surface water,subtidal hard bottom;rocky reef,deep water;soft slope,shallow to deep,subtidal hard bottom;rocky reef,sea cucumber;starfish;reef,subtidal hard bottom;rocky reef,pelagic,rocky intertidal;subtidal hard bottom,rocky intertidal;subtidal hard bottom;rocky reef,inshore;seagrass;mangrove,inshore;seagrass;mangrove,hard shelf;soft shelf;hard slope;soft slope,soft slope,subtidal soft bottom,unknown,coral reef,surface water,soft slope,rocky reef,shallow to deeper habitats,larvae in sw,coral reef,coral reef,subtidal soft bottom,rocky intertidal;coral reef,subtidal soft bottom,subtidal soft bottom,rocky reef;shallow habitats;seagrass,nearshore to deeper,unknown,soft slope,unknown,rocky intertidal;rocky reef,rocky intertidal;rocky reef,surface water,subtidal soft bottom;coral reef;rocky reef,coral reef,estuary;subtidal soft bottom;coral reef,rocky reef,subtidal hard bottom;rocky reef;coral reef,subtidal soft bottom,coral reef,deep water;soft slope,rocky reef,intertidal mud,rocky intertidal;rocky reef;coral reef,rocky intertidal;subtidal hard bottom;rocky reef,fw;ocean,subtidal soft bottom,soft slope,coral reef;live coral caves,rocky intertidal;rocky reef,rocky intertidal;rocky reef,rocky intertidal;subtidal hard bottom;rocky reef,rocky reef,rocky intertidal;rocky reef;coral reef,rocky reef;barrens habitat,rocky reef,coral reef;live coral caves,coral reef;rubble,rocky intertidal;rocky reef,deep water,subtidal soft bottom,kelp forest;subtidal hard bottom,coral reef;shallow water,rocky intertidal;subtidal hard bottom;rocky reef;coral reef,soft slope,soft slope,coral reef,rocky reef,soft slope,soft slope;hard slope,subtidal soft bottom;soft shelf,coral reef;shallow water,hard slope,deep soft bottom,soft slope;hard slope,surface water,subtidal soft bottom,subtidal soft bottom;subtidal hard bottom;rocky reef,soft slope,soft slope,subtidal soft bottom
